"X","date","time","s","m","steps","visprop","phenoswitch","realphenswitch","selfswitch","n","traitnum","nvars","rpvld","PIN","trait1","trait2","trait3","trait4","trait5","trait6","trait7","trait8","trait9","trait10","trait11","trait12","trait13","trait14","trait15","trait16","trait17","trait18","trait19","trait20","group","traitimp1","traitimp2","traitimp3","traitimp4","traitimp5","traitimp6","traitimp7","traitimp8","traitimp9","traitimp10","traitimp11","traitimp12","traitimp13","traitimp14","traitimp15","traitimp16","traitimp17","traitimp18","traitimp19","traitimp20","traituse1","traituse2","traituse3","traituse4","traituse5","traituse6","traituse7","traituse8","traituse9","traituse10","traituse11","traituse12","traituse13","traituse14","traituse15","traituse16","traituse17","traituse18","traituse19","traituse20"
702,3152022,4840,3,2,100,0.2,1,0,1,100,20,3,0,1,-0.552478287375118,0.247409696250719,0.54430153800028,-0.400516395096538,1.35337368076305,0.907349269754732,0.329561956837586,-0.712852515768061,1.59876458628467,0.952098627690424,0.099957388755309,-0.646525049153359,-1.46045591218917,1.32146848425709,1.02586180013068,-1.70896098445241,-0.765351713725679,0.634982240386799,0.0777057073333338,1.14693052529801,1,-1.03344432749342,-2.59210530679719,17.012446840483,4.42245432330132,1.82264112114185,7.5389510362619,4.30218334528088,2.4581689697574,-1.57774443481521,0.405621088482915,-0.357426831209329,8.55045388409386,-1.837133310145,-1.01357138187137,19.352263681425,-1.20718715908279,0.737270236595162,27.9448938786234,0.628140235927316,0.979452349609285,1506,1128,3389,2561,3004,6264,2014,3001,1629,1856,1908,4568,2246,1819,6605,1989,927,9246,2073,1667
703,3152022,4840,3,2,100,0.2,1,0,1,100,20,3,0,2,-1.07270439576177,-0.873567229427673,0.96210428607815,0.771759736966776,-0.0937651452020297,0.451604782293818,-1.69569414722024,0.286637945141695,1.11415424303047,-0.297486193171895,1.3174326302647,-1.66528883473058,-0.881390758256058,0.613256662897684,0.982977267692912,0.541609342081587,-0.573527301750897,-0.575103930689019,-1.67333592442797,-0.279456964958823,4,-1.03344432749342,-2.59210530679719,17.012446840483,4.42245432330132,1.82264112114185,7.5389510362619,4.30218334528088,2.4581689697574,-1.57774443481521,0.405621088482915,-0.357426831209329,8.55045388409386,-1.837133310145,-1.01357138187137,19.352263681425,-1.20718715908279,0.737270236595162,27.9448938786234,0.628140235927316,0.979452349609285,1506,1128,3389,2561,3004,6264,2014,3001,1629,1856,1908,4568,2246,1819,6605,1989,927,9246,2073,1667
704,3152022,4840,3,2,100,0.2,1,0,1,100,20,3,0,3,0.219363561427191,0.943324306277337,0.399961074239728,-0.860741976353361,-0.382094218113144,1.26925319666443,0.546379319249295,0.630386958956549,0.0704695711013574,-1.444161347645,-2.09582305720124,-0.875649687610352,-0.271986093126433,1.87150412799007,0.68054756046837,-0.0157185375905763,0.620796488921946,0.846549211119973,0.095599305812294,1.20778285153299,1,-1.03344432749342,-2.59210530679719,17.012446840483,4.42245432330132,1.82264112114185,7.5389510362619,4.30218334528088,2.4581689697574,-1.57774443481521,0.405621088482915,-0.357426831209329,8.55045388409386,-1.837133310145,-1.01357138187137,19.352263681425,-1.20718715908279,0.737270236595162,27.9448938786234,0.628140235927316,0.979452349609285,1506,1128,3389,2561,3004,6264,2014,3001,1629,1856,1908,4568,2246,1819,6605,1989,927,9246,2073,1667
705,3152022,4840,3,2,100,0.2,1,0,1,100,20,3,0,4,-0.144055732953222,-1.02728803052095,-1.1997870667188,0.517685830484471,0.272506722829528,0.103651436525308,0.435595688241263,-0.871575902707013,0.904984443882497,-0.521812818889531,-0.382114269066284,-1.41969559753494,-1.19388813714016,-0.941122942382215,-0.278606588207885,-0.807630279900186,-0.558703360662511,-0.273685096846936,-0.418040807144081,-0.103021225765315,4,-1.03344432749342,-2.59210530679719,17.012446840483,4.42245432330132,1.82264112114185,7.5389510362619,4.30218334528088,2.4581689697574,-1.57774443481521,0.405621088482915,-0.357426831209329,8.55045388409386,-1.837133310145,-1.01357138187137,19.352263681425,-1.20718715908279,0.737270236595162,27.9448938786234,0.628140235927316,0.979452349609285,1506,1128,3389,2561,3004,6264,2014,3001,1629,1856,1908,4568,2246,1819,6605,1989,927,9246,2073,1667
706,3152022,4840,3,2,100,0.2,1,0,1,100,20,3,0,5,0.806208943309619,0.200035343146793,1.2969087361704,0.249879318122483,-0.951379913849382,-0.387730798181471,0.104778749861517,0.156786041903928,-0.305201078001358,0.6032869057185,-0.0984916765510973,-1.10507596135106,1.13936282180216,-0.778086539796447,0.0435841046931786,-0.745940877761568,1.0570701803263,0.172049535005182,-0.556625118801934,1.65119374641817,1,-1.03344432749342,-2.59210530679719,17.012446840483,4.42245432330132,1.82264112114185,7.5389510362619,4.30218334528088,2.4581689697574,-1.57774443481521,0.405621088482915,-0.357426831209329,8.55045388409386,-1.837133310145,-1.01357138187137,19.352263681425,-1.20718715908279,0.737270236595162,27.9448938786234,0.628140235927316,0.979452349609285,1506,1128,3389,2561,3004,6264,2014,3001,1629,1856,1908,4568,2246,1819,6605,1989,927,9246,2073,1667
707,3152022,4840,3,2,100,0.2,1,0,1,100,20,3,0,6,-0.407955994227908,-0.231318260215465,-0.386107259213289,-1.17481042296017,-0.665014232042996,0.743290885255993,-1.33254900489268,1.41270552348328,-2.12156786288528,0.284093578961194,0.375701947171867,-1.89413901811089,2.22162903859813,2.16451890626851,-0.395454363324311,0.720728173505376,1.98259291105706,-0.774571042402119,-0.380706215948222,-0.17409406721113,4,-1.03344432749342,-2.59210530679719,17.012446840483,4.42245432330132,1.82264112114185,7.5389510362619,4.30218334528088,2.4581689697574,-1.57774443481521,0.405621088482915,-0.357426831209329,8.55045388409386,-1.837133310145,-1.01357138187137,19.352263681425,-1.20718715908279,0.737270236595162,27.9448938786234,0.628140235927316,0.979452349609285,1506,1128,3389,2561,3004,6264,2014,3001,1629,1856,1908,4568,2246,1819,6605,1989,927,9246,2073,1667
708,3152022,4840,3,2,100,0.2,1,0,1,100,20,3,0,7,-2.80086284696606,0.82547316919337,2.18586789947661,-0.0142403554589183,-0.13916085684952,1.03616779160233,-0.282934313896055,1.20602940687647,0.573427060357325,0.0666634058269492,0.87195362769095,0.91057180533558,0.559774560067396,-1.2505419769216,0.639417696286446,0.0634063616701313,1.4332786118128,1.33141509141494,-0.313208157812129,1.06424230207076,1,-1.03344432749342,-2.59210530679719,17.012446840483,4.42245432330132,1.82264112114185,7.5389510362619,4.30218334528088,2.4581689697574,-1.57774443481521,0.405621088482915,-0.357426831209329,8.55045388409386,-1.837133310145,-1.01357138187137,19.352263681425,-1.20718715908279,0.737270236595162,27.9448938786234,0.628140235927316,0.979452349609285,1506,1128,3389,2561,3004,6264,2014,3001,1629,1856,1908,4568,2246,1819,6605,1989,927,9246,2073,1667
709,3152022,4840,3,2,100,0.2,1,0,1,100,20,3,0,8,-0.229249426192416,0.0428645549675252,0.96533895754307,0.95580214022164,-1.2915693544935,0.999741675544349,0.61157564181571,1.43708442622794,-1.91599206838885,0.0296675100516639,0.766146318589249,0.761214274568333,-0.281431559758971,-0.540021539614732,-0.986475165014197,0.605697754785662,-1.00928144685603,0.412829296181585,0.471899442188632,0.21673265277285,1,-1.03344432749342,-2.59210530679719,17.012446840483,4.42245432330132,1.82264112114185,7.5389510362619,4.30218334528088,2.4581689697574,-1.57774443481521,0.405621088482915,-0.357426831209329,8.55045388409386,-1.837133310145,-1.01357138187137,19.352263681425,-1.20718715908279,0.737270236595162,27.9448938786234,0.628140235927316,0.979452349609285,1506,1128,3389,2561,3004,6264,2014,3001,1629,1856,1908,4568,2246,1819,6605,1989,927,9246,2073,1667
710,3152022,4840,3,2,100,0.2,1,0,1,100,20,3,0,9,0.262837412747246,-0.00885760016187935,1.39010537106869,-0.0180317748142373,0.338036181375232,1.24139047288636,-1.30145439691974,-0.4727293347321,0.224312862290763,0.334411796960858,-1.38479205043309,0.44069626093724,0.805785135453651,-0.132700605195195,-0.775894489552235,-1.12427962542253,-0.0618861397328478,-2.1303966762889,0.938506581675446,0.549768310155425,2,-1.03344432749342,-2.59210530679719,17.012446840483,4.42245432330132,1.82264112114185,7.5389510362619,4.30218334528088,2.4581689697574,-1.57774443481521,0.405621088482915,-0.357426831209329,8.55045388409386,-1.837133310145,-1.01357138187137,19.352263681425,-1.20718715908279,0.737270236595162,27.9448938786234,0.628140235927316,0.979452349609285,1506,1128,3389,2561,3004,6264,2014,3001,1629,1856,1908,4568,2246,1819,6605,1989,927,9246,2073,1667
711,3152022,4840,3,2,100,0.2,1,0,1,100,20,3,0,10,-0.84637511673316,-1.06804360508306,1.11463434701022,0.996318635177878,0.303828850322964,-0.585180082103311,0.164773864334751,-0.22213547131204,1.0130757196914,0.384243548015229,-0.558225443139512,0.0354175721572755,-0.460524086631717,-0.329411947315016,0.460082765102191,1.20087797012437,-2.33706777116298,-2.49709234781432,0.0313123350622844,-0.658837959776265,4,-1.03344432749342,-2.59210530679719,17.012446840483,4.42245432330132,1.82264112114185,7.5389510362619,4.30218334528088,2.4581689697574,-1.57774443481521,0.405621088482915,-0.357426831209329,8.55045388409386,-1.837133310145,-1.01357138187137,19.352263681425,-1.20718715908279,0.737270236595162,27.9448938786234,0.628140235927316,0.979452349609285,1506,1128,3389,2561,3004,6264,2014,3001,1629,1856,1908,4568,2246,1819,6605,1989,927,9246,2073,1667
712,3152022,4840,3,2,100,0.2,1,0,1,100,20,3,0,11,-0.183576432930974,-0.49050110348309,0.254409124669721,-1.5231385907159,0.534187133223523,0.474267454163388,0.0665484682717574,-2.54732790074755,-0.264969672124427,0.725244924607383,-1.75379816543019,-0.438785964492673,0.257068177091908,0.312008712164007,-0.730125972600532,0.507108582542786,-0.055913266304304,-0.00972613634564717,-0.00445113171792262,-0.604440985291549,2,-1.03344432749342,-2.59210530679719,17.012446840483,4.42245432330132,1.82264112114185,7.5389510362619,4.30218334528088,2.4581689697574,-1.57774443481521,0.405621088482915,-0.357426831209329,8.55045388409386,-1.837133310145,-1.01357138187137,19.352263681425,-1.20718715908279,0.737270236595162,27.9448938786234,0.628140235927316,0.979452349609285,1506,1128,3389,2561,3004,6264,2014,3001,1629,1856,1908,4568,2246,1819,6605,1989,927,9246,2073,1667
713,3152022,4840,3,2,100,0.2,1,0,1,100,20,3,0,12,-0.07161409850774,-1.50660736707507,0.593700748506173,-2.25901720101006,1.24893085502824,-2.15327932214054,1.15952475573586,1.27936404355962,-0.633256944832889,-0.0111709016219198,-0.247732121957682,-1.3131688852602,-0.134542371107743,1.06351660839997,0.790507608079958,0.891967112592521,0.844806251993934,0.248794932860479,0.687690308819547,-2.17790826558326,4,-1.03344432749342,-2.59210530679719,17.012446840483,4.42245432330132,1.82264112114185,7.5389510362619,4.30218334528088,2.4581689697574,-1.57774443481521,0.405621088482915,-0.357426831209329,8.55045388409386,-1.837133310145,-1.01357138187137,19.352263681425,-1.20718715908279,0.737270236595162,27.9448938786234,0.628140235927316,0.979452349609285,1506,1128,3389,2561,3004,6264,2014,3001,1629,1856,1908,4568,2246,1819,6605,1989,927,9246,2073,1667
714,3152022,4840,3,2,100,0.2,1,0,1,100,20,3,0,13,-0.5943559828974,-1.58669998056045,-0.816254205090225,1.56816046113343,0.473069722166109,-0.610208650004858,-1.15977852465555,0.517204833901049,-0.0625881383205828,1.87479629592075,-0.67114545589883,0.104749677767548,-0.57871935425229,-2.08979076063804,-0.19756966794618,-0.372745178734528,-0.233495687419651,-0.613102498106049,0.085849517778349,0.42126120553905,4,-1.03344432749342,-2.59210530679719,17.012446840483,4.42245432330132,1.82264112114185,7.5389510362619,4.30218334528088,2.4581689697574,-1.57774443481521,0.405621088482915,-0.357426831209329,8.55045388409386,-1.837133310145,-1.01357138187137,19.352263681425,-1.20718715908279,0.737270236595162,27.9448938786234,0.628140235927316,0.979452349609285,1506,1128,3389,2561,3004,6264,2014,3001,1629,1856,1908,4568,2246,1819,6605,1989,927,9246,2073,1667
715,3152022,4840,3,2,100,0.2,1,0,1,100,20,3,0,14,1.74192735002631,-0.0683412237822868,0.42447095647573,0.512970987437496,1.11528350236162,0.238007337337151,0.63358403168379,-0.867168374470167,1.49598306498009,1.06654686112464,1.39593141390979,-0.35906340650923,-0.746008653497615,-0.479933476799105,0.509751861854887,-1.20398598702009,1.20761682359659,2.42120988683134,-0.21614269157813,-1.52315957965358,1,-1.03344432749342,-2.59210530679719,17.012446840483,4.42245432330132,1.82264112114185,7.5389510362619,4.30218334528088,2.4581689697574,-1.57774443481521,0.405621088482915,-0.357426831209329,8.55045388409386,-1.837133310145,-1.01357138187137,19.352263681425,-1.20718715908279,0.737270236595162,27.9448938786234,0.628140235927316,0.979452349609285,1506,1128,3389,2561,3004,6264,2014,3001,1629,1856,1908,4568,2246,1819,6605,1989,927,9246,2073,1667
716,3152022,4840,3,2,100,0.2,1,0,1,100,20,3,0,15,-3.02102836685857,-0.133403471870673,-0.777069077800184,-0.0147697640207502,-0.0305100659021421,1.90974923590216,0.308857005556652,-0.439554074575704,-0.482487697242061,0.293223537966603,2.63426741988256,-0.20021923900387,-0.984289972490447,-0.471318719423982,0.222972704071314,-0.934165366938453,-0.885359047807544,0.0425754871834965,0.505796333303311,0.799330681797031,3,-1.03344432749342,-2.59210530679719,17.012446840483,4.42245432330132,1.82264112114185,7.5389510362619,4.30218334528088,2.4581689697574,-1.57774443481521,0.405621088482915,-0.357426831209329,8.55045388409386,-1.837133310145,-1.01357138187137,19.352263681425,-1.20718715908279,0.737270236595162,27.9448938786234,0.628140235927316,0.979452349609285,1506,1128,3389,2561,3004,6264,2014,3001,1629,1856,1908,4568,2246,1819,6605,1989,927,9246,2073,1667
717,3152022,4840,3,2,100,0.2,1,0,1,100,20,3,0,16,1.07205294107493,-0.165949021979327,-0.411924450940173,-0.845447719489625,2.5836358348271,-1.44622387367663,1.40273662716706,1.08769844118029,0.409105169209389,0.709753290622079,2.16380223862476,0.696358752100364,-0.0889588091726573,-1.77287557808477,-0.44102576519308,0.030993315295948,1.52407621478582,0.570673079856443,-0.650343413731255,0.299844024903582,2,-1.03344432749342,-2.59210530679719,17.012446840483,4.42245432330132,1.82264112114185,7.5389510362619,4.30218334528088,2.4581689697574,-1.57774443481521,0.405621088482915,-0.357426831209329,8.55045388409386,-1.837133310145,-1.01357138187137,19.352263681425,-1.20718715908279,0.737270236595162,27.9448938786234,0.628140235927316,0.979452349609285,1506,1128,3389,2561,3004,6264,2014,3001,1629,1856,1908,4568,2246,1819,6605,1989,927,9246,2073,1667
718,3152022,4840,3,2,100,0.2,1,0,1,100,20,3,0,17,-0.402963405374263,0.53090031999874,-1.36622149703142,0.249695014920437,-0.69076461352013,-0.177256460527973,0.733312944492606,2.45684093052705,-3.10004798623243,-1.6677443235776,0.221149039778122,0.277408311587898,-1.63328762630639,0.334416131970218,0.926930120297743,1.1284854848379,-1.41585026279356,-0.0161528542066902,-1.1623220126879,0.59544416789971,4,-1.03344432749342,-2.59210530679719,17.012446840483,4.42245432330132,1.82264112114185,7.5389510362619,4.30218334528088,2.4581689697574,-1.57774443481521,0.405621088482915,-0.357426831209329,8.55045388409386,-1.837133310145,-1.01357138187137,19.352263681425,-1.20718715908279,0.737270236595162,27.9448938786234,0.628140235927316,0.979452349609285,1506,1128,3389,2561,3004,6264,2014,3001,1629,1856,1908,4568,2246,1819,6605,1989,927,9246,2073,1667
719,3152022,4840,3,2,100,0.2,1,0,1,100,20,3,0,18,0.691334901412407,-0.800806608487324,0.0305290145832716,1.32798795041455,0.738166989526206,2.2166094878589,-0.641759954820563,0.244935092774357,2.47179833597939,-0.391074861187646,1.16669424677994,-1.23406554946618,-1.26638837195028,0.188518009718802,-0.991673374029545,-1.06633805952014,0.907108354711755,0.658278417757128,0.292690686277761,-1.76114602663826,1,-1.03344432749342,-2.59210530679719,17.012446840483,4.42245432330132,1.82264112114185,7.5389510362619,4.30218334528088,2.4581689697574,-1.57774443481521,0.405621088482915,-0.357426831209329,8.55045388409386,-1.837133310145,-1.01357138187137,19.352263681425,-1.20718715908279,0.737270236595162,27.9448938786234,0.628140235927316,0.979452349609285,1506,1128,3389,2561,3004,6264,2014,3001,1629,1856,1908,4568,2246,1819,6605,1989,927,9246,2073,1667
720,3152022,4840,3,2,100,0.2,1,0,1,100,20,3,0,19,0.194344060160462,1.43025295537075,-0.282188827021604,-0.999795437422655,-1.77925107976533,1.05835278955252,-0.519844168907542,-0.520752976010591,0.127992680877666,-1.2282923483112,-0.158571815680958,1.46133030485702,0.906933123418236,0.0751446212630338,1.01494291632293,2.11080564448612,-0.310998866434829,-0.213180986255258,2.76009270131387,-0.650751709295905,4,-1.03344432749342,-2.59210530679719,17.012446840483,4.42245432330132,1.82264112114185,7.5389510362619,4.30218334528088,2.4581689697574,-1.57774443481521,0.405621088482915,-0.357426831209329,8.55045388409386,-1.837133310145,-1.01357138187137,19.352263681425,-1.20718715908279,0.737270236595162,27.9448938786234,0.628140235927316,0.979452349609285,1506,1128,3389,2561,3004,6264,2014,3001,1629,1856,1908,4568,2246,1819,6605,1989,927,9246,2073,1667
721,3152022,4840,3,2,100,0.2,1,0,1,100,20,3,0,20,1.01025024592204,-1.12754073142855,0.904409214701095,0.0382446400255621,0.562902917221318,1.21374546250586,-0.782347956404304,0.305521066338618,0.59514550211281,-1.20850863257744,1.65067823328326,-0.29585767291352,-2.31806576037379,0.504882536579242,-0.661753542164233,-1.39854307839708,-0.837280366445849,0.475772170747587,1.45979371953647,-0.899768730592055,1,-1.03344432749342,-2.59210530679719,17.012446840483,4.42245432330132,1.82264112114185,7.5389510362619,4.30218334528088,2.4581689697574,-1.57774443481521,0.405621088482915,-0.357426831209329,8.55045388409386,-1.837133310145,-1.01357138187137,19.352263681425,-1.20718715908279,0.737270236595162,27.9448938786234,0.628140235927316,0.979452349609285,1506,1128,3389,2561,3004,6264,2014,3001,1629,1856,1908,4568,2246,1819,6605,1989,927,9246,2073,1667
722,3152022,4840,3,2,100,0.2,1,0,1,100,20,3,0,21,-0.98596920060309,-0.385918294354746,1.68323863142842,0.915497564806322,0.11019801249322,-0.580228110086804,1.7719414313819,-0.942840709564337,-0.43353698911592,-1.20042301447891,0.0736235573679364,-1.09054535187122,-1.30995891529283,0.843385547539882,1.01054639185575,0.900155329699233,0.580749709375027,-0.882304530210944,-1.80042303099585,1.78865012263117,4,-1.03344432749342,-2.59210530679719,17.012446840483,4.42245432330132,1.82264112114185,7.5389510362619,4.30218334528088,2.4581689697574,-1.57774443481521,0.405621088482915,-0.357426831209329,8.55045388409386,-1.837133310145,-1.01357138187137,19.352263681425,-1.20718715908279,0.737270236595162,27.9448938786234,0.628140235927316,0.979452349609285,1506,1128,3389,2561,3004,6264,2014,3001,1629,1856,1908,4568,2246,1819,6605,1989,927,9246,2073,1667
723,3152022,4840,3,2,100,0.2,1,0,1,100,20,3,0,22,3.28469530881752,1.54748323071517,-1.93632553037505,-1.70129201360075,0.0437180768143667,1.42838505807938,-0.635498023639686,-0.410216584376582,0.428056124579093,1.99659485081457,-0.0345525548837993,1.2913540989023,-0.11555183836906,1.76450936568248,1.20681568945263,-1.8691748738305,-0.48888477913789,0.700962381024942,-1.06526911370832,-0.82350373946121,3,-1.03344432749342,-2.59210530679719,17.012446840483,4.42245432330132,1.82264112114185,7.5389510362619,4.30218334528088,2.4581689697574,-1.57774443481521,0.405621088482915,-0.357426831209329,8.55045388409386,-1.837133310145,-1.01357138187137,19.352263681425,-1.20718715908279,0.737270236595162,27.9448938786234,0.628140235927316,0.979452349609285,1506,1128,3389,2561,3004,6264,2014,3001,1629,1856,1908,4568,2246,1819,6605,1989,927,9246,2073,1667
724,3152022,4840,3,2,100,0.2,1,0,1,100,20,3,0,23,-0.2656976845462,-0.0279923302843643,-1.84530453513466,0.202968618101381,-0.193388322736742,1.79735595410491,-0.345277470300252,0.682042607683233,-0.451335670712474,-0.299717019111539,-0.539718365609219,-1.28600515047619,0.15194137823801,0.970354635883056,-0.843200574925999,-0.280867899339109,0.876782694602647,1.9178548127716,-0.583233260134595,1.33347866048409,3,-1.03344432749342,-2.59210530679719,17.012446840483,4.42245432330132,1.82264112114185,7.5389510362619,4.30218334528088,2.4581689697574,-1.57774443481521,0.405621088482915,-0.357426831209329,8.55045388409386,-1.837133310145,-1.01357138187137,19.352263681425,-1.20718715908279,0.737270236595162,27.9448938786234,0.628140235927316,0.979452349609285,1506,1128,3389,2561,3004,6264,2014,3001,1629,1856,1908,4568,2246,1819,6605,1989,927,9246,2073,1667
725,3152022,4840,3,2,100,0.2,1,0,1,100,20,3,0,24,0.634537634619607,-0.747540315034895,-1.27467033771655,0.0574091382805082,-1.21022658726683,-1.03853906694053,-0.652697543418957,-0.410023923222983,0.943080959236295,-0.662326486195414,1.0183983372213,0.972562788307597,1.06796621148661,-0.0904664721999266,-2.55746049221764,-0.336996736606614,1.00855430536572,-0.30618274189936,0.367899199860872,0.327989602645426,2,-1.03344432749342,-2.59210530679719,17.012446840483,4.42245432330132,1.82264112114185,7.5389510362619,4.30218334528088,2.4581689697574,-1.57774443481521,0.405621088482915,-0.357426831209329,8.55045388409386,-1.837133310145,-1.01357138187137,19.352263681425,-1.20718715908279,0.737270236595162,27.9448938786234,0.628140235927316,0.979452349609285,1506,1128,3389,2561,3004,6264,2014,3001,1629,1856,1908,4568,2246,1819,6605,1989,927,9246,2073,1667
726,3152022,4840,3,2,100,0.2,1,0,1,100,20,3,0,25,-0.258655206651649,2.40335298310771,-0.786439496946285,-0.0463463154848946,1.45133140505263,0.289598239642293,-0.825174454650254,-1.08076664638887,0.883028061408744,1.65692185666921,-0.0747616675800675,0.806907963024102,1.33451924054065,0.703716153265671,-0.759759048300229,-1.1820186112577,-0.644062822572043,1.7850356503967,-0.110187922996307,-0.872540966726927,3,-1.03344432749342,-2.59210530679719,17.012446840483,4.42245432330132,1.82264112114185,7.5389510362619,4.30218334528088,2.4581689697574,-1.57774443481521,0.405621088482915,-0.357426831209329,8.55045388409386,-1.837133310145,-1.01357138187137,19.352263681425,-1.20718715908279,0.737270236595162,27.9448938786234,0.628140235927316,0.979452349609285,1506,1128,3389,2561,3004,6264,2014,3001,1629,1856,1908,4568,2246,1819,6605,1989,927,9246,2073,1667
727,3152022,4840,3,2,100,0.2,1,0,1,100,20,3,0,26,-0.235408121152563,0.223464710237395,1.25913257795867,0.932843939487628,0.104049268937431,-0.558484846760751,-0.156948210279757,-0.116365982154574,-0.110176075992476,0.233796058675309,0.0973300682452244,0.433980810330787,0.357354940701198,0.940209027672957,-1.4308735480952,0.435449945565411,0.197781556668935,-1.22153932701668,-0.848693218716266,-1.77681050768864,2,-1.03344432749342,-2.59210530679719,17.012446840483,4.42245432330132,1.82264112114185,7.5389510362619,4.30218334528088,2.4581689697574,-1.57774443481521,0.405621088482915,-0.357426831209329,8.55045388409386,-1.837133310145,-1.01357138187137,19.352263681425,-1.20718715908279,0.737270236595162,27.9448938786234,0.628140235927316,0.979452349609285,1506,1128,3389,2561,3004,6264,2014,3001,1629,1856,1908,4568,2246,1819,6605,1989,927,9246,2073,1667
728,3152022,4840,3,2,100,0.2,1,0,1,100,20,3,0,27,0.835481753904052,1.34489319345521,0.558343393728238,0.128618312371326,1.26401649969741,1.98850741514194,1.38512408785305,-0.311824953329565,-0.168835800584967,0.0805872753731712,1.0890141202439,-1.43783228748836,0.210018338531835,-0.546347791434404,-1.04068291112225,-0.0148747021901078,-0.432061859799562,-0.227220332120146,-0.0864640783206822,-0.631327070376547,1,-1.03344432749342,-2.59210530679719,17.012446840483,4.42245432330132,1.82264112114185,7.5389510362619,4.30218334528088,2.4581689697574,-1.57774443481521,0.405621088482915,-0.357426831209329,8.55045388409386,-1.837133310145,-1.01357138187137,19.352263681425,-1.20718715908279,0.737270236595162,27.9448938786234,0.628140235927316,0.979452349609285,1506,1128,3389,2561,3004,6264,2014,3001,1629,1856,1908,4568,2246,1819,6605,1989,927,9246,2073,1667
729,3152022,4840,3,2,100,0.2,1,0,1,100,20,3,0,28,-0.45243029654519,0.287436037542844,1.53218240146667,0.108422976055834,-0.554740454044869,0.742527167983812,0.475864219655564,0.296588798038131,2.72648247817872,0.0289695647778382,-0.0362918226783102,-0.529160902305558,-1.84919659803618,-0.73157568905734,1.05335977340196,0.911132880118567,-0.229143296450122,-0.550001882964678,1.56318787633122,0.719440797765282,4,-1.03344432749342,-2.59210530679719,17.012446840483,4.42245432330132,1.82264112114185,7.5389510362619,4.30218334528088,2.4581689697574,-1.57774443481521,0.405621088482915,-0.357426831209329,8.55045388409386,-1.837133310145,-1.01357138187137,19.352263681425,-1.20718715908279,0.737270236595162,27.9448938786234,0.628140235927316,0.979452349609285,1506,1128,3389,2561,3004,6264,2014,3001,1629,1856,1908,4568,2246,1819,6605,1989,927,9246,2073,1667
730,3152022,4840,3,2,100,0.2,1,0,1,100,20,3,0,29,-0.557124244860484,-0.666740608241164,1.04283425959573,1.51774878389764,1.54714277381263,-0.777960791250082,0.372742976875535,-2.12111210432194,0.578804289445733,1.88410771448785,0.819122062146233,0.0175610609912058,-1.47760404139471,0.996610206772973,2.45727955438958,0.290548266670252,-0.314463147672692,-2.19529776466182,0.514905144957604,0.306370912638449,4,-1.03344432749342,-2.59210530679719,17.012446840483,4.42245432330132,1.82264112114185,7.5389510362619,4.30218334528088,2.4581689697574,-1.57774443481521,0.405621088482915,-0.357426831209329,8.55045388409386,-1.837133310145,-1.01357138187137,19.352263681425,-1.20718715908279,0.737270236595162,27.9448938786234,0.628140235927316,0.979452349609285,1506,1128,3389,2561,3004,6264,2014,3001,1629,1856,1908,4568,2246,1819,6605,1989,927,9246,2073,1667
731,3152022,4840,3,2,100,0.2,1,0,1,100,20,3,0,30,0.315555723269595,0.404618463612077,0.687652855444814,-0.0182990982487158,-0.512202702683566,-0.247990711165028,0.434473935856631,-0.495639279170644,0.802024675231279,0.0887919935088269,-0.313438710415881,-0.821403391008473,0.0455683943102552,0.170421157602987,-2.10946732118988,0.720918603856919,-1.02921799963631,2.40347778643516,-0.757214041767797,1.36716035456273,1,-1.03344432749342,-2.59210530679719,17.012446840483,4.42245432330132,1.82264112114185,7.5389510362619,4.30218334528088,2.4581689697574,-1.57774443481521,0.405621088482915,-0.357426831209329,8.55045388409386,-1.837133310145,-1.01357138187137,19.352263681425,-1.20718715908279,0.737270236595162,27.9448938786234,0.628140235927316,0.979452349609285,1506,1128,3389,2561,3004,6264,2014,3001,1629,1856,1908,4568,2246,1819,6605,1989,927,9246,2073,1667
732,3152022,4840,3,2,100,0.2,1,0,1,100,20,3,0,31,-0.975097124909074,-0.542549838989756,-0.238079163227654,0.732611375663701,1.11414147171061,-0.555782347724254,0.0647037865223647,-0.655464095688681,-0.0124038105025621,0.235882059477037,0.309744474275869,0.410328885237082,-0.130850336501022,1.13413766463599,-0.803801556847181,-1.32270297363455,0.818261474872223,-1.21784817093313,-1.26766874807737,-0.133527241598891,2,-1.03344432749342,-2.59210530679719,17.012446840483,4.42245432330132,1.82264112114185,7.5389510362619,4.30218334528088,2.4581689697574,-1.57774443481521,0.405621088482915,-0.357426831209329,8.55045388409386,-1.837133310145,-1.01357138187137,19.352263681425,-1.20718715908279,0.737270236595162,27.9448938786234,0.628140235927316,0.979452349609285,1506,1128,3389,2561,3004,6264,2014,3001,1629,1856,1908,4568,2246,1819,6605,1989,927,9246,2073,1667
733,3152022,4840,3,2,100,0.2,1,0,1,100,20,3,0,32,0.302874632886636,0.153867015926888,0.255635599861062,-0.995744678528227,0.185680531883685,-1.24168969772186,-1.82515658823319,-0.274241553500876,0.0864722212690603,-0.41310010707675,-1.37962366208091,1.32118163794714,2.04384465320319,2.07894756668494,1.90096695527501,1.31358562241622,-0.144048737038643,0.64709254250678,0.287612914007771,0.0552628381637606,4,-1.03344432749342,-2.59210530679719,17.012446840483,4.42245432330132,1.82264112114185,7.5389510362619,4.30218334528088,2.4581689697574,-1.57774443481521,0.405621088482915,-0.357426831209329,8.55045388409386,-1.837133310145,-1.01357138187137,19.352263681425,-1.20718715908279,0.737270236595162,27.9448938786234,0.628140235927316,0.979452349609285,1506,1128,3389,2561,3004,6264,2014,3001,1629,1856,1908,4568,2246,1819,6605,1989,927,9246,2073,1667
734,3152022,4840,3,2,100,0.2,1,0,1,100,20,3,0,33,0.106276659171053,-0.16274748757084,-0.789222340581395,0.579339442063895,-0.985177612082972,-0.673133898973409,0.578793409616393,-0.726667832984641,-0.789111829163374,0.178197522830111,0.340578440729083,-0.902803602617996,-1.62186669893948,-1.66170879492307,-0.888803119421606,-0.779945477457162,-0.622094469303162,1.87306087804533,1.67554796611221,0.836411327140372,3,-1.03344432749342,-2.59210530679719,17.012446840483,4.42245432330132,1.82264112114185,7.5389510362619,4.30218334528088,2.4581689697574,-1.57774443481521,0.405621088482915,-0.357426831209329,8.55045388409386,-1.837133310145,-1.01357138187137,19.352263681425,-1.20718715908279,0.737270236595162,27.9448938786234,0.628140235927316,0.979452349609285,1506,1128,3389,2561,3004,6264,2014,3001,1629,1856,1908,4568,2246,1819,6605,1989,927,9246,2073,1667
735,3152022,4840,3,2,100,0.2,1,0,1,100,20,3,0,34,-0.562299854785977,-0.21543779725504,-0.687317480043961,1.18233478964324,-0.045911958136458,-0.410488531755592,-0.0926617707457697,0.83896661129236,-1.62625201471451,-1.17811686530046,0.25236637406714,0.615890107573829,-1.27373780415403,-1.97169131048608,-0.253345190685818,-1.60956383931311,2.01160443509579,-2.39819195734897,0.203855368561729,-0.207118241118642,4,-1.03344432749342,-2.59210530679719,17.012446840483,4.42245432330132,1.82264112114185,7.5389510362619,4.30218334528088,2.4581689697574,-1.57774443481521,0.405621088482915,-0.357426831209329,8.55045388409386,-1.837133310145,-1.01357138187137,19.352263681425,-1.20718715908279,0.737270236595162,27.9448938786234,0.628140235927316,0.979452349609285,1506,1128,3389,2561,3004,6264,2014,3001,1629,1856,1908,4568,2246,1819,6605,1989,927,9246,2073,1667
736,3152022,4840,3,2,100,0.2,1,0,1,100,20,3,0,35,-0.108005587817444,-0.601404239733912,-0.150854304364579,-1.09351454444534,-0.618210980229766,-0.144237888297647,-0.909402226844551,-0.813608037115067,-1.27591696983635,0.618018916308953,0.302774281524321,-0.633362217543121,1.26229088048134,-1.72474253798943,1.41401341121638,0.922865369159401,0.936762256180964,-0.378199585248886,-0.669176599970724,-0.513012144018528,4,-1.03344432749342,-2.59210530679719,17.012446840483,4.42245432330132,1.82264112114185,7.5389510362619,4.30218334528088,2.4581689697574,-1.57774443481521,0.405621088482915,-0.357426831209329,8.55045388409386,-1.837133310145,-1.01357138187137,19.352263681425,-1.20718715908279,0.737270236595162,27.9448938786234,0.628140235927316,0.979452349609285,1506,1128,3389,2561,3004,6264,2014,3001,1629,1856,1908,4568,2246,1819,6605,1989,927,9246,2073,1667
737,3152022,4840,3,2,100,0.2,1,0,1,100,20,3,0,36,-0.415460221272962,-0.296995616191228,1.11518248131815,0.475877836362695,0.191593287247411,0.345189944722201,0.490584418073051,-0.653084991238869,0.995797950738263,-0.801468547426315,-0.838613879701023,-1.20933077427403,1.53511080482453,0.46313072494589,-1.62317295915476,1.28512030759987,-0.227052417505659,0.901792043028351,0.758100835365534,0.410345073558081,1,-1.03344432749342,-2.59210530679719,17.012446840483,4.42245432330132,1.82264112114185,7.5389510362619,4.30218334528088,2.4581689697574,-1.57774443481521,0.405621088482915,-0.357426831209329,8.55045388409386,-1.837133310145,-1.01357138187137,19.352263681425,-1.20718715908279,0.737270236595162,27.9448938786234,0.628140235927316,0.979452349609285,1506,1128,3389,2561,3004,6264,2014,3001,1629,1856,1908,4568,2246,1819,6605,1989,927,9246,2073,1667
738,3152022,4840,3,2,100,0.2,1,0,1,100,20,3,0,37,0.127960026029597,2.13273090055523,-0.717149891183707,-0.603651884042082,0.598666429711986,-0.0853023365975083,0.343526555068863,-0.802673296478213,0.360010938061263,1.01275985257055,-0.702682218095482,0.097631414941952,0.479532123955581,-1.64290159128497,2.29453141798037,0.861450865597405,-0.415170076543651,0.196601664761332,-0.335804963529653,-1.06459180423204,4,-1.03344432749342,-2.59210530679719,17.012446840483,4.42245432330132,1.82264112114185,7.5389510362619,4.30218334528088,2.4581689697574,-1.57774443481521,0.405621088482915,-0.357426831209329,8.55045388409386,-1.837133310145,-1.01357138187137,19.352263681425,-1.20718715908279,0.737270236595162,27.9448938786234,0.628140235927316,0.979452349609285,1506,1128,3389,2561,3004,6264,2014,3001,1629,1856,1908,4568,2246,1819,6605,1989,927,9246,2073,1667
739,3152022,4840,3,2,100,0.2,1,0,1,100,20,3,0,38,-0.905051527502831,1.28441186593216,-0.838152324104929,-0.0888679942334426,1.27095391492024,-0.149231181352758,-1.56656641449548,-0.0665693037117582,-0.822340063694238,0.832857437714627,-0.489648421207016,0.215525948377894,-0.264284720779685,-0.477883528887962,0.212323086623686,0.164029206874055,0.469255309448296,-0.206856199213852,-0.272515937193416,0.705371623891771,2,-1.03344432749342,-2.59210530679719,17.012446840483,4.42245432330132,1.82264112114185,7.5389510362619,4.30218334528088,2.4581689697574,-1.57774443481521,0.405621088482915,-0.357426831209329,8.55045388409386,-1.837133310145,-1.01357138187137,19.352263681425,-1.20718715908279,0.737270236595162,27.9448938786234,0.628140235927316,0.979452349609285,1506,1128,3389,2561,3004,6264,2014,3001,1629,1856,1908,4568,2246,1819,6605,1989,927,9246,2073,1667
740,3152022,4840,3,2,100,0.2,1,0,1,100,20,3,0,39,0.1616675554723,0.0190289717619849,-0.0711633538625231,-0.371644676213394,1.42522017237908,-0.163318281383436,-0.827043757895648,-0.895690987832129,0.00445499503281771,-0.817255744706261,0.4726387861718,-0.475912633598566,-0.465452645757641,1.21196609817545,-0.820982201327458,1.55997214490282,-1.70756196114535,-0.0512112004048046,0.756956512160099,1.56998600208142,2,-1.03344432749342,-2.59210530679719,17.012446840483,4.42245432330132,1.82264112114185,7.5389510362619,4.30218334528088,2.4581689697574,-1.57774443481521,0.405621088482915,-0.357426831209329,8.55045388409386,-1.837133310145,-1.01357138187137,19.352263681425,-1.20718715908279,0.737270236595162,27.9448938786234,0.628140235927316,0.979452349609285,1506,1128,3389,2561,3004,6264,2014,3001,1629,1856,1908,4568,2246,1819,6605,1989,927,9246,2073,1667
741,3152022,4840,3,2,100,0.2,1,0,1,100,20,3,0,40,-0.748791890455703,-1.27158349799288,1.48389244693718,-0.246788086126375,-1.03685787622217,1.75781050661461,-1.15809721475556,0.604919436396265,-0.425318428948452,-0.00980803263393106,0.547194888745154,-0.456494129545883,0.651528005716867,0.80484227091137,1.07407851893525,0.0570248666825196,0.66525605129903,0.441583837134519,-0.375952011621064,1.76898795196262,1,-1.03344432749342,-2.59210530679719,17.012446840483,4.42245432330132,1.82264112114185,7.5389510362619,4.30218334528088,2.4581689697574,-1.57774443481521,0.405621088482915,-0.357426831209329,8.55045388409386,-1.837133310145,-1.01357138187137,19.352263681425,-1.20718715908279,0.737270236595162,27.9448938786234,0.628140235927316,0.979452349609285,1506,1128,3389,2561,3004,6264,2014,3001,1629,1856,1908,4568,2246,1819,6605,1989,927,9246,2073,1667
742,3152022,4840,3,2,100,0.2,1,0,1,100,20,3,0,41,-0.679387485272753,0.872950551976464,-0.724727999096366,-1.82926893343741,0.998320674612072,-0.160132925053213,-1.8563614146492,-0.487821177079831,-0.352240022965525,0.607261233171062,-1.36712865555043,0.706539391575187,0.658061756289512,2.12897463701833,-0.0561135937384712,0.765591439140965,-0.89175825628283,1.50414205282852,-0.240417763200811,0.747873026421764,3,-1.03344432749342,-2.59210530679719,17.012446840483,4.42245432330132,1.82264112114185,7.5389510362619,4.30218334528088,2.4581689697574,-1.57774443481521,0.405621088482915,-0.357426831209329,8.55045388409386,-1.837133310145,-1.01357138187137,19.352263681425,-1.20718715908279,0.737270236595162,27.9448938786234,0.628140235927316,0.979452349609285,1506,1128,3389,2561,3004,6264,2014,3001,1629,1856,1908,4568,2246,1819,6605,1989,927,9246,2073,1667
743,3152022,4840,3,2,100,0.2,1,0,1,100,20,3,0,42,0.874377096437185,0.418271146501122,-1.18644344289258,0.853866260867948,-2.06614647279027,-1.41479411256081,-0.289559294768665,0.26355017904207,0.0286899317640029,0.722313687603409,-0.682076803949425,0.99730365764329,-0.65956412250611,-0.672708042691076,2.1623513321855,-1.12346692875672,-0.522633625632548,0.114436006331754,1.93936760662449,-1.70973735741006,4,-1.03344432749342,-2.59210530679719,17.012446840483,4.42245432330132,1.82264112114185,7.5389510362619,4.30218334528088,2.4581689697574,-1.57774443481521,0.405621088482915,-0.357426831209329,8.55045388409386,-1.837133310145,-1.01357138187137,19.352263681425,-1.20718715908279,0.737270236595162,27.9448938786234,0.628140235927316,0.979452349609285,1506,1128,3389,2561,3004,6264,2014,3001,1629,1856,1908,4568,2246,1819,6605,1989,927,9246,2073,1667
744,3152022,4840,3,2,100,0.2,1,0,1,100,20,3,0,43,0.218602384499374,-0.115925851911395,0.387549784011576,-1.56270252569238,1.00664626830616,-1.44570998078405,0.395942267106666,0.264514855089068,0.238490964441131,-1.0989760349244,1.61099988871628,0.943644487629936,0.0513721882565505,-0.027278119454593,1.23751739390464,0.355803386070311,-1.45009074503223,-0.893821308499228,0.905263438914183,0.692953316703401,4,-1.03344432749342,-2.59210530679719,17.012446840483,4.42245432330132,1.82264112114185,7.5389510362619,4.30218334528088,2.4581689697574,-1.57774443481521,0.405621088482915,-0.357426831209329,8.55045388409386,-1.837133310145,-1.01357138187137,19.352263681425,-1.20718715908279,0.737270236595162,27.9448938786234,0.628140235927316,0.979452349609285,1506,1128,3389,2561,3004,6264,2014,3001,1629,1856,1908,4568,2246,1819,6605,1989,927,9246,2073,1667
745,3152022,4840,3,2,100,0.2,1,0,1,100,20,3,0,44,1.46039997352149,-0.969280547299763,1.36385667658506,0.980201262612604,0.115918387606529,0.593072952906115,-0.210051797558737,-1.2048195912992,0.523996373278863,-1.88907515817288,0.00724844297958796,-0.705818506013682,0.175634476960975,0.566934189246609,0.14716428649738,-0.250735437390536,-0.323321929443111,1.51200380698228,-1.14860283188866,-0.0614196710873261,1,-1.03344432749342,-2.59210530679719,17.012446840483,4.42245432330132,1.82264112114185,7.5389510362619,4.30218334528088,2.4581689697574,-1.57774443481521,0.405621088482915,-0.357426831209329,8.55045388409386,-1.837133310145,-1.01357138187137,19.352263681425,-1.20718715908279,0.737270236595162,27.9448938786234,0.628140235927316,0.979452349609285,1506,1128,3389,2561,3004,6264,2014,3001,1629,1856,1908,4568,2246,1819,6605,1989,927,9246,2073,1667
746,3152022,4840,3,2,100,0.2,1,0,1,100,20,3,0,45,1.31565877331381,-0.587045611844364,-0.049247107649878,0.416982853037678,0.789294411172461,-2.74577336831375,-0.157359371678228,-0.240340957173436,1.19347189082689,0.532902866594674,0.805617659550113,0.823329782750031,0.353073369605268,-1.99702703340392,-0.838624098044333,-0.614503515345872,-1.49103898569505,-0.591294007003633,-0.759141844562832,0.839080664651621,2,-1.03344432749342,-2.59210530679719,17.012446840483,4.42245432330132,1.82264112114185,7.5389510362619,4.30218334528088,2.4581689697574,-1.57774443481521,0.405621088482915,-0.357426831209329,8.55045388409386,-1.837133310145,-1.01357138187137,19.352263681425,-1.20718715908279,0.737270236595162,27.9448938786234,0.628140235927316,0.979452349609285,1506,1128,3389,2561,3004,6264,2014,3001,1629,1856,1908,4568,2246,1819,6605,1989,927,9246,2073,1667
747,3152022,4840,3,2,100,0.2,1,0,1,100,20,3,0,46,-0.0843591817825622,0.248488063600278,-1.00230341030421,-0.298079799215295,-1.56393447349264,-0.10713478483595,-0.300410861548527,-1.46571927671709,-0.254673923241801,-1.07443542533181,-0.508497778698832,1.83560163284357,0.137153890944612,-0.0867865883056456,-0.470045494357594,0.0510988094669761,0.402904110847096,-1.02485861038011,-0.530587995329887,0.848158504263494,2,-1.03344432749342,-2.59210530679719,17.012446840483,4.42245432330132,1.82264112114185,7.5389510362619,4.30218334528088,2.4581689697574,-1.57774443481521,0.405621088482915,-0.357426831209329,8.55045388409386,-1.837133310145,-1.01357138187137,19.352263681425,-1.20718715908279,0.737270236595162,27.9448938786234,0.628140235927316,0.979452349609285,1506,1128,3389,2561,3004,6264,2014,3001,1629,1856,1908,4568,2246,1819,6605,1989,927,9246,2073,1667
748,3152022,4840,3,2,100,0.2,1,0,1,100,20,3,0,47,1.2365040705951,0.370410293473885,-1.616941913415,1.40698651503196,-0.438663520169305,0.0802345859350444,-1.90557925193107,-1.43001622077383,-1.54311825947697,-0.478956039846032,-0.383565880183337,0.326692365984552,0.242633256940854,0.81681422535978,-1.17910408516467,0.333681779616145,-1.32260720431737,0.135351451119993,0.567599081905991,-0.0278462521599231,2,-1.03344432749342,-2.59210530679719,17.012446840483,4.42245432330132,1.82264112114185,7.5389510362619,4.30218334528088,2.4581689697574,-1.57774443481521,0.405621088482915,-0.357426831209329,8.55045388409386,-1.837133310145,-1.01357138187137,19.352263681425,-1.20718715908279,0.737270236595162,27.9448938786234,0.628140235927316,0.979452349609285,1506,1128,3389,2561,3004,6264,2014,3001,1629,1856,1908,4568,2246,1819,6605,1989,927,9246,2073,1667
749,3152022,4840,3,2,100,0.2,1,0,1,100,20,3,0,48,-1.47146003729232,0.0288903614431676,-0.194088140449787,0.441595458752475,0.370293756686483,-0.0374678954538975,0.767867915299641,-1.3392634954193,-0.193896941909968,-0.44178108340605,-0.984290931763597,1.60524466515054,0.703924744302163,-0.185392812998536,1.88175229193446,-0.970981255872725,-0.630473031986438,-1.53857671039693,-1.56028755713019,-0.229559654555274,4,-1.03344432749342,-2.59210530679719,17.012446840483,4.42245432330132,1.82264112114185,7.5389510362619,4.30218334528088,2.4581689697574,-1.57774443481521,0.405621088482915,-0.357426831209329,8.55045388409386,-1.837133310145,-1.01357138187137,19.352263681425,-1.20718715908279,0.737270236595162,27.9448938786234,0.628140235927316,0.979452349609285,1506,1128,3389,2561,3004,6264,2014,3001,1629,1856,1908,4568,2246,1819,6605,1989,927,9246,2073,1667
750,3152022,4840,3,2,100,0.2,1,0,1,100,20,3,0,49,-0.0834184108445246,-2.28899115651697,-1.70201164802871,0.451306865093566,-0.057642705000375,0.0898662105727543,0.249723464919435,0.15042559452612,0.0126708051226714,-1.52152256977129,0.468199318819413,-0.506426856783174,-1.23973126146159,0.97426111431839,0.54489445436098,0.301823000579861,-0.732923576366816,1.04187941503497,1.32807276907455,1.33562621155406,3,-1.03344432749342,-2.59210530679719,17.012446840483,4.42245432330132,1.82264112114185,7.5389510362619,4.30218334528088,2.4581689697574,-1.57774443481521,0.405621088482915,-0.357426831209329,8.55045388409386,-1.837133310145,-1.01357138187137,19.352263681425,-1.20718715908279,0.737270236595162,27.9448938786234,0.628140235927316,0.979452349609285,1506,1128,3389,2561,3004,6264,2014,3001,1629,1856,1908,4568,2246,1819,6605,1989,927,9246,2073,1667
751,3152022,4840,3,2,100,0.2,1,0,1,100,20,3,0,50,0.465183354805228,0.657933988681217,0.888660455855093,-0.752669146634208,-1.50535649747647,1.31058748514597,-2.04334343992912,0.332144815432558,-0.19749610844247,0.248882342273038,-0.6549198660413,0.67458179616898,-1.51934328058347,0.0980156129802181,-2.36106188506348,-0.411400098542582,-1.09558447000835,-0.889972248681436,1.74261502814854,0.54822820220063,2,-1.03344432749342,-2.59210530679719,17.012446840483,4.42245432330132,1.82264112114185,7.5389510362619,4.30218334528088,2.4581689697574,-1.57774443481521,0.405621088482915,-0.357426831209329,8.55045388409386,-1.837133310145,-1.01357138187137,19.352263681425,-1.20718715908279,0.737270236595162,27.9448938786234,0.628140235927316,0.979452349609285,1506,1128,3389,2561,3004,6264,2014,3001,1629,1856,1908,4568,2246,1819,6605,1989,927,9246,2073,1667
752,3152022,4840,3,2,100,0.2,1,0,1,100,20,3,0,51,-1.35795800464685,-0.80701047074135,-0.360991195359464,-1.00611115256589,-0.0382300730551153,2.29914439428559,-0.678011716177317,-0.59445975125016,-0.855725128244136,-0.497272909787845,-0.0927035772284584,-0.0178383428822683,-0.046612619648124,-0.526810793755247,0.324715186907952,-0.36587366907909,-0.233701121231951,0.588784162292334,-1.31562065100151,0.634803935372802,3,-1.03344432749342,-2.59210530679719,17.012446840483,4.42245432330132,1.82264112114185,7.5389510362619,4.30218334528088,2.4581689697574,-1.57774443481521,0.405621088482915,-0.357426831209329,8.55045388409386,-1.837133310145,-1.01357138187137,19.352263681425,-1.20718715908279,0.737270236595162,27.9448938786234,0.628140235927316,0.979452349609285,1506,1128,3389,2561,3004,6264,2014,3001,1629,1856,1908,4568,2246,1819,6605,1989,927,9246,2073,1667
753,3152022,4840,3,2,100,0.2,1,0,1,100,20,3,0,52,0.24370964051498,1.4024124198827,-0.702803978540325,0.761890959160103,-1.23800025825484,-0.561458492299129,0.702764986815888,0.199132776883091,-1.35360907976559,-0.3669410737367,-1.63036482197185,-0.336130565871447,-0.442451575024205,0.223140254990083,-0.127828137090946,-0.79408139122031,-0.950450531615189,0.100376025756092,-1.0769943208124,0.103520625665654,4,-1.03344432749342,-2.59210530679719,17.012446840483,4.42245432330132,1.82264112114185,7.5389510362619,4.30218334528088,2.4581689697574,-1.57774443481521,0.405621088482915,-0.357426831209329,8.55045388409386,-1.837133310145,-1.01357138187137,19.352263681425,-1.20718715908279,0.737270236595162,27.9448938786234,0.628140235927316,0.979452349609285,1506,1128,3389,2561,3004,6264,2014,3001,1629,1856,1908,4568,2246,1819,6605,1989,927,9246,2073,1667
754,3152022,4840,3,2,100,0.2,1,0,1,100,20,3,0,53,0.939960284345752,0.092141684066694,-0.0986050511049483,-1.47962492061762,-2.10184050079277,0.866409926266132,-0.956929918356133,1.48393988942123,-0.284924288327414,0.251289247266678,0.917277015623022,0.713145139873504,-0.501437942785435,0.847669368964123,0.691149236375934,0.745330042422686,-0.21313259751448,-2.3377695389451,1.06938781843561,-0.256178687997342,4,-1.03344432749342,-2.59210530679719,17.012446840483,4.42245432330132,1.82264112114185,7.5389510362619,4.30218334528088,2.4581689697574,-1.57774443481521,0.405621088482915,-0.357426831209329,8.55045388409386,-1.837133310145,-1.01357138187137,19.352263681425,-1.20718715908279,0.737270236595162,27.9448938786234,0.628140235927316,0.979452349609285,1506,1128,3389,2561,3004,6264,2014,3001,1629,1856,1908,4568,2246,1819,6605,1989,927,9246,2073,1667
755,3152022,4840,3,2,100,0.2,1,0,1,100,20,3,0,54,-0.593727684015349,-0.439695182813625,1.29554134281098,1.3353172639787,-0.543734626241779,-0.388426486243382,-0.0099613028215875,-0.598243559897318,0.79462051342658,0.263099015509463,0.588969636602149,-2.35041236379109,0.0460193050869737,0.549249898409225,0.409274611287188,-0.797765359352631,-1.26547717097828,1.16400034094663,-0.904286542702239,-1.11999991826661,1,-1.03344432749342,-2.59210530679719,17.012446840483,4.42245432330132,1.82264112114185,7.5389510362619,4.30218334528088,2.4581689697574,-1.57774443481521,0.405621088482915,-0.357426831209329,8.55045388409386,-1.837133310145,-1.01357138187137,19.352263681425,-1.20718715908279,0.737270236595162,27.9448938786234,0.628140235927316,0.979452349609285,1506,1128,3389,2561,3004,6264,2014,3001,1629,1856,1908,4568,2246,1819,6605,1989,927,9246,2073,1667
756,3152022,4840,3,2,100,0.2,1,0,1,100,20,3,0,55,-0.253565397701456,0.509085620071708,0.161125591210186,0.10810644006816,-0.836382260103505,-0.252909459488538,0.974108983172794,0.138151056482091,0.427284780137634,-0.605429413270477,-1.42217580178552,0.669917342342062,1.5989995101503,-0.913542530558491,-0.210894887680505,0.713484246390175,-0.413805354636062,-0.434402395210882,0.100324747238961,-1.91767558038051,4,-1.03344432749342,-2.59210530679719,17.012446840483,4.42245432330132,1.82264112114185,7.5389510362619,4.30218334528088,2.4581689697574,-1.57774443481521,0.405621088482915,-0.357426831209329,8.55045388409386,-1.837133310145,-1.01357138187137,19.352263681425,-1.20718715908279,0.737270236595162,27.9448938786234,0.628140235927316,0.979452349609285,1506,1128,3389,2561,3004,6264,2014,3001,1629,1856,1908,4568,2246,1819,6605,1989,927,9246,2073,1667
757,3152022,4840,3,2,100,0.2,1,0,1,100,20,3,0,56,-0.925562705548487,0.0588698501750518,1.51465638503159,1.8691757018954,-0.120379135961647,0.227446209429643,0.399617085934099,-0.0812748521948544,-0.164825849833159,-0.909977831642133,-1.65761772359098,-0.989559473547529,-0.353859892596309,-0.695463110940564,0.285086843176843,-0.115030748870326,-0.236950790834015,1.57153529542133,-0.343841242066876,-0.596727075555999,1,-1.03344432749342,-2.59210530679719,17.012446840483,4.42245432330132,1.82264112114185,7.5389510362619,4.30218334528088,2.4581689697574,-1.57774443481521,0.405621088482915,-0.357426831209329,8.55045388409386,-1.837133310145,-1.01357138187137,19.352263681425,-1.20718715908279,0.737270236595162,27.9448938786234,0.628140235927316,0.979452349609285,1506,1128,3389,2561,3004,6264,2014,3001,1629,1856,1908,4568,2246,1819,6605,1989,927,9246,2073,1667
758,3152022,4840,3,2,100,0.2,1,0,1,100,20,3,0,57,-0.913756584636476,1.22490574848169,-0.897421983289077,0.472189542479435,-0.0893620657286155,1.27802609838807,-0.517645075377618,0.242350895884178,0.77944060407101,0.118717898770828,0.0724292685407954,-0.263062713402981,0.00590241570222691,-2.08327243397506,0.872612111308727,1.13417105290572,2.59068262170538,0.688489163273182,-1.46002133374877,0.692668239162535,3,-1.03344432749342,-2.59210530679719,17.012446840483,4.42245432330132,1.82264112114185,7.5389510362619,4.30218334528088,2.4581689697574,-1.57774443481521,0.405621088482915,-0.357426831209329,8.55045388409386,-1.837133310145,-1.01357138187137,19.352263681425,-1.20718715908279,0.737270236595162,27.9448938786234,0.628140235927316,0.979452349609285,1506,1128,3389,2561,3004,6264,2014,3001,1629,1856,1908,4568,2246,1819,6605,1989,927,9246,2073,1667
759,3152022,4840,3,2,100,0.2,1,0,1,100,20,3,0,58,0.101693613733786,-1.2697430364207,0.614196047939433,-0.762148425811961,-0.535753180402006,0.186619000590104,0.292535969665791,0.294823124549882,-0.434128780070895,0.0756528233226783,-0.722028254415274,-1.07873246451459,-0.136062188329583,-1.33269152929807,1.28434231019339,-0.032233003078371,-0.783799081803001,-1.91276811617491,-0.438384283475483,-0.704692109538511,4,-1.03344432749342,-2.59210530679719,17.012446840483,4.42245432330132,1.82264112114185,7.5389510362619,4.30218334528088,2.4581689697574,-1.57774443481521,0.405621088482915,-0.357426831209329,8.55045388409386,-1.837133310145,-1.01357138187137,19.352263681425,-1.20718715908279,0.737270236595162,27.9448938786234,0.628140235927316,0.979452349609285,1506,1128,3389,2561,3004,6264,2014,3001,1629,1856,1908,4568,2246,1819,6605,1989,927,9246,2073,1667
760,3152022,4840,3,2,100,0.2,1,0,1,100,20,3,0,59,-0.118333687288289,0.561009019577483,-1.24089354731042,-1.59686709432848,1.24165848265084,0.0922776082322964,1.69941421553206,-0.842086650525198,0.222631041392605,-1.11206350488862,-0.320055306544151,0.886589607824162,-1.49006709859072,-0.822627255891669,0.613443765060367,-1.28207753145123,-0.640656434891873,1.78820204610209,-0.622755379639661,-0.0492604178990705,3,-1.03344432749342,-2.59210530679719,17.012446840483,4.42245432330132,1.82264112114185,7.5389510362619,4.30218334528088,2.4581689697574,-1.57774443481521,0.405621088482915,-0.357426831209329,8.55045388409386,-1.837133310145,-1.01357138187137,19.352263681425,-1.20718715908279,0.737270236595162,27.9448938786234,0.628140235927316,0.979452349609285,1506,1128,3389,2561,3004,6264,2014,3001,1629,1856,1908,4568,2246,1819,6605,1989,927,9246,2073,1667
761,3152022,4840,3,2,100,0.2,1,0,1,100,20,3,0,60,0.630434863914535,0.390487324556886,-1.79355075747916,0.575623673326341,1.77904582631412,-1.6691974448847,-0.517483943006594,1.4835488644746,-1.19234008207351,0.177558195531472,-0.549907536273904,-0.964290257612702,0.59343894449316,0.927881604694766,1.67602247070411,-0.632032774824409,-0.287807726299041,3.42621790071533,0.976668997451646,-0.923778349503703,3,-1.03344432749342,-2.59210530679719,17.012446840483,4.42245432330132,1.82264112114185,7.5389510362619,4.30218334528088,2.4581689697574,-1.57774443481521,0.405621088482915,-0.357426831209329,8.55045388409386,-1.837133310145,-1.01357138187137,19.352263681425,-1.20718715908279,0.737270236595162,27.9448938786234,0.628140235927316,0.979452349609285,1506,1128,3389,2561,3004,6264,2014,3001,1629,1856,1908,4568,2246,1819,6605,1989,927,9246,2073,1667
762,3152022,4840,3,2,100,0.2,1,0,1,100,20,3,0,61,0.187503396253307,-0.407744132508245,0.775123365643226,-0.943083432465195,0.168007524863055,-0.897727713119232,1.31880918908527,-1.38435570147809,-0.0933408352641931,-0.0350090582823595,0.674896488060609,-0.894588552768483,0.822637455715744,0.0306513945895681,-0.00485298995370689,1.01066656189207,-0.638989107229086,-0.616061724406942,1.0368919939359,1.50381916824782,4,-1.03344432749342,-2.59210530679719,17.012446840483,4.42245432330132,1.82264112114185,7.5389510362619,4.30218334528088,2.4581689697574,-1.57774443481521,0.405621088482915,-0.357426831209329,8.55045388409386,-1.837133310145,-1.01357138187137,19.352263681425,-1.20718715908279,0.737270236595162,27.9448938786234,0.628140235927316,0.979452349609285,1506,1128,3389,2561,3004,6264,2014,3001,1629,1856,1908,4568,2246,1819,6605,1989,927,9246,2073,1667
763,3152022,4840,3,2,100,0.2,1,0,1,100,20,3,0,62,0.823623016921753,-0.0818589509514959,-1.52941248609792,2.45865457915203,0.197159817047403,-0.693269889227,-0.297793789103229,-1.32794614925354,-0.639781183470628,0.857399137901119,-0.258844580813186,-1.88618217913539,0.353236096087164,0.534260528569793,0.127027483411769,-0.85515815449262,0.288329159584848,-0.69162627066925,-0.905210304957957,0.680765421838594,4,-1.03344432749342,-2.59210530679719,17.012446840483,4.42245432330132,1.82264112114185,7.5389510362619,4.30218334528088,2.4581689697574,-1.57774443481521,0.405621088482915,-0.357426831209329,8.55045388409386,-1.837133310145,-1.01357138187137,19.352263681425,-1.20718715908279,0.737270236595162,27.9448938786234,0.628140235927316,0.979452349609285,1506,1128,3389,2561,3004,6264,2014,3001,1629,1856,1908,4568,2246,1819,6605,1989,927,9246,2073,1667
764,3152022,4840,3,2,100,0.2,1,0,1,100,20,3,0,63,0.90559395195226,-0.624946927688042,0.35575073510744,-2.20919514577716,1.49331353884669,3.78839153998182,-1.85230935491493,-0.196605636133527,-2.55988006090735,2.76178546768164,0.596561592429596,0.247851020040789,-0.767071582818974,0.126405788896401,-0.244533249842014,-0.416771578673351,-0.0188988933258691,0.588822594985156,1.99435172390751,0.78932788146578,3,-1.03344432749342,-2.59210530679719,17.012446840483,4.42245432330132,1.82264112114185,7.5389510362619,4.30218334528088,2.4581689697574,-1.57774443481521,0.405621088482915,-0.357426831209329,8.55045388409386,-1.837133310145,-1.01357138187137,19.352263681425,-1.20718715908279,0.737270236595162,27.9448938786234,0.628140235927316,0.979452349609285,1506,1128,3389,2561,3004,6264,2014,3001,1629,1856,1908,4568,2246,1819,6605,1989,927,9246,2073,1667
765,3152022,4840,3,2,100,0.2,1,0,1,100,20,3,0,64,-0.00491982137502421,-0.0897413667621473,-0.37139030525774,-0.049901162388003,0.751895871939399,0.554528837684206,0.0980130197645574,-0.517035954148563,0.495168453839281,-0.797917314145874,2.23795891834648,1.24841902413848,1.21308405223686,-0.231189838388154,2.42666276037867,0.0785293931930569,0.760487103946463,1.48053321257324,-0.849704528340895,-1.96012747985643,3,-1.03344432749342,-2.59210530679719,17.012446840483,4.42245432330132,1.82264112114185,7.5389510362619,4.30218334528088,2.4581689697574,-1.57774443481521,0.405621088482915,-0.357426831209329,8.55045388409386,-1.837133310145,-1.01357138187137,19.352263681425,-1.20718715908279,0.737270236595162,27.9448938786234,0.628140235927316,0.979452349609285,1506,1128,3389,2561,3004,6264,2014,3001,1629,1856,1908,4568,2246,1819,6605,1989,927,9246,2073,1667
766,3152022,4840,3,2,100,0.2,1,0,1,100,20,3,0,65,-0.360954095023617,0.235144873936218,-0.723827667378881,1.80936322941673,-0.152653737619314,0.331078163640198,-0.525013160851193,1.00218596266502,1.51499351419751,-1.91790275929296,0.396411745834486,0.294855633464238,0.501673430817771,-0.166655749195612,0.443041836013125,-1.18629472586028,0.827265509440816,-0.414952946756193,2.51185757075791,-1.6053912423585,4,-1.03344432749342,-2.59210530679719,17.012446840483,4.42245432330132,1.82264112114185,7.5389510362619,4.30218334528088,2.4581689697574,-1.57774443481521,0.405621088482915,-0.357426831209329,8.55045388409386,-1.837133310145,-1.01357138187137,19.352263681425,-1.20718715908279,0.737270236595162,27.9448938786234,0.628140235927316,0.979452349609285,1506,1128,3389,2561,3004,6264,2014,3001,1629,1856,1908,4568,2246,1819,6605,1989,927,9246,2073,1667
767,3152022,4840,3,2,100,0.2,1,0,1,100,20,3,0,66,0.706512071497567,0.191594377798826,-0.340691896434186,1.87529020978993,-3.28463986307362,1.31791601233804,-0.890206916546341,0.925998770904188,0.0834441655043273,1.22660635306126,0.977381621850925,-0.545903102826141,-0.534953674635951,0.0358066836331873,-1.08167634665414,-0.60573396816847,0.802624924776394,0.558211519841692,-0.526820883271986,-1.28510245956852,1,-1.03344432749342,-2.59210530679719,17.012446840483,4.42245432330132,1.82264112114185,7.5389510362619,4.30218334528088,2.4581689697574,-1.57774443481521,0.405621088482915,-0.357426831209329,8.55045388409386,-1.837133310145,-1.01357138187137,19.352263681425,-1.20718715908279,0.737270236595162,27.9448938786234,0.628140235927316,0.979452349609285,1506,1128,3389,2561,3004,6264,2014,3001,1629,1856,1908,4568,2246,1819,6605,1989,927,9246,2073,1667
768,3152022,4840,3,2,100,0.2,1,0,1,100,20,3,0,67,0.771307277869482,0.516027695091059,0.197700512657347,0.131064774866497,0.546432129077286,0.277502720609948,0.691999429307114,1.83419873672429,0.116739057450496,0.188780774190936,-0.406601086062063,-1.15653066184563,1.71367322622889,1.03338048379108,-0.0107093424368006,3.23803372126921,-0.0766854345404917,0.120953602900819,-0.051918515909557,-0.107350522775561,1,-1.03344432749342,-2.59210530679719,17.012446840483,4.42245432330132,1.82264112114185,7.5389510362619,4.30218334528088,2.4581689697574,-1.57774443481521,0.405621088482915,-0.357426831209329,8.55045388409386,-1.837133310145,-1.01357138187137,19.352263681425,-1.20718715908279,0.737270236595162,27.9448938786234,0.628140235927316,0.979452349609285,1506,1128,3389,2561,3004,6264,2014,3001,1629,1856,1908,4568,2246,1819,6605,1989,927,9246,2073,1667
769,3152022,4840,3,2,100,0.2,1,0,1,100,20,3,0,68,-0.459883237886244,3.01994628586729,2.28851675510331,-1.18187725064187,1.06042101754854,-0.872783446222701,-1.29084872847281,-0.37072497559093,0.690871489587366,1.14243918450775,0.0511248367708911,-0.0437661305549015,-0.289072837473674,0.412525145693609,-0.476332966924726,-0.743286225472666,1.09383003324716,-1.10383148060294,-0.616821847709588,1.28022803307426,2,-1.03344432749342,-2.59210530679719,17.012446840483,4.42245432330132,1.82264112114185,7.5389510362619,4.30218334528088,2.4581689697574,-1.57774443481521,0.405621088482915,-0.357426831209329,8.55045388409386,-1.837133310145,-1.01357138187137,19.352263681425,-1.20718715908279,0.737270236595162,27.9448938786234,0.628140235927316,0.979452349609285,1506,1128,3389,2561,3004,6264,2014,3001,1629,1856,1908,4568,2246,1819,6605,1989,927,9246,2073,1667
770,3152022,4840,3,2,100,0.2,1,0,1,100,20,3,0,69,-1.31315783822226,-0.357565634989734,0.327162157975136,-0.439139004100286,0.0312733113354468,0.0786941885379589,-0.768192993149507,-0.00557133364013578,-0.193777779153524,-0.446731641204604,0.00916561289350721,2.21480228143064,-2.27785255946739,0.600234136510532,-0.603558489378712,1.07630329218723,-0.672302582781063,-1.41772338182926,0.905526004460274,-0.256020267435206,2,-1.03344432749342,-2.59210530679719,17.012446840483,4.42245432330132,1.82264112114185,7.5389510362619,4.30218334528088,2.4581689697574,-1.57774443481521,0.405621088482915,-0.357426831209329,8.55045388409386,-1.837133310145,-1.01357138187137,19.352263681425,-1.20718715908279,0.737270236595162,27.9448938786234,0.628140235927316,0.979452349609285,1506,1128,3389,2561,3004,6264,2014,3001,1629,1856,1908,4568,2246,1819,6605,1989,927,9246,2073,1667
771,3152022,4840,3,2,100,0.2,1,0,1,100,20,3,0,70,-0.625970788015154,-1.62732340903549,0.183987205591997,1.23474127973535,-0.0639367937330024,-0.365962257114205,-0.685283680427221,-2.69527353108746,-1.30999130081766,-0.0287670340973281,-1.1767850229293,-1.98552702461233,-0.71725655302403,-0.174967829721674,-0.508120761652297,0.230974676701431,0.346687731029217,1.05568088020711,0.156473848148746,-0.323526567183059,1,-1.03344432749342,-2.59210530679719,17.012446840483,4.42245432330132,1.82264112114185,7.5389510362619,4.30218334528088,2.4581689697574,-1.57774443481521,0.405621088482915,-0.357426831209329,8.55045388409386,-1.837133310145,-1.01357138187137,19.352263681425,-1.20718715908279,0.737270236595162,27.9448938786234,0.628140235927316,0.979452349609285,1506,1128,3389,2561,3004,6264,2014,3001,1629,1856,1908,4568,2246,1819,6605,1989,927,9246,2073,1667
772,3152022,4840,3,2,100,0.2,1,0,1,100,20,3,0,71,0.852812112518216,-0.0422318342078563,0.826546039430097,-0.163445699940049,0.224010433526858,1.66232437504037,0.0218619058022353,0.475776127570972,1.16664155348975,-0.164275169559097,-0.807302972013707,1.48195407432665,1.033524469827,-0.78901780850244,-2.32864110503242,0.279100984273751,1.37712027336807,1.30614006317346,-0.594066137781338,-0.314449868252344,1,-1.03344432749342,-2.59210530679719,17.012446840483,4.42245432330132,1.82264112114185,7.5389510362619,4.30218334528088,2.4581689697574,-1.57774443481521,0.405621088482915,-0.357426831209329,8.55045388409386,-1.837133310145,-1.01357138187137,19.352263681425,-1.20718715908279,0.737270236595162,27.9448938786234,0.628140235927316,0.979452349609285,1506,1128,3389,2561,3004,6264,2014,3001,1629,1856,1908,4568,2246,1819,6605,1989,927,9246,2073,1667
773,3152022,4840,3,2,100,0.2,1,0,1,100,20,3,0,72,0.534568627004147,-0.831306081626654,0.185526091366151,-1.51915311267704,0.113683953955951,1.40436062665041,-1.76118735272855,0.834895952771977,1.81858184340583,2.80278985391176,-0.102534992298454,0.629139649927331,-0.53591362132636,-1.2677972209211,-0.25748325422082,1.14812918302836,0.0340089186542177,0.437611213375542,-2.13774652958923,-0.596915241430543,3,-1.03344432749342,-2.59210530679719,17.012446840483,4.42245432330132,1.82264112114185,7.5389510362619,4.30218334528088,2.4581689697574,-1.57774443481521,0.405621088482915,-0.357426831209329,8.55045388409386,-1.837133310145,-1.01357138187137,19.352263681425,-1.20718715908279,0.737270236595162,27.9448938786234,0.628140235927316,0.979452349609285,1506,1128,3389,2561,3004,6264,2014,3001,1629,1856,1908,4568,2246,1819,6605,1989,927,9246,2073,1667
774,3152022,4840,3,2,100,0.2,1,0,1,100,20,3,0,73,0.0390651540632425,-0.872638061439149,0.843374616434461,-0.196444332313885,0.783381185038287,0.701360859800456,-1.55772657641531,-1.68800787619855,-0.320280601062998,-0.467201099354009,0.171436196557098,0.892545408311185,-0.548143873319041,0.394686547565157,-1.84810695208871,-0.531203749795965,-0.495403001999266,-0.572749273657109,-1.66486756392048,-1.12478730983331,2,-1.03344432749342,-2.59210530679719,17.012446840483,4.42245432330132,1.82264112114185,7.5389510362619,4.30218334528088,2.4581689697574,-1.57774443481521,0.405621088482915,-0.357426831209329,8.55045388409386,-1.837133310145,-1.01357138187137,19.352263681425,-1.20718715908279,0.737270236595162,27.9448938786234,0.628140235927316,0.979452349609285,1506,1128,3389,2561,3004,6264,2014,3001,1629,1856,1908,4568,2246,1819,6605,1989,927,9246,2073,1667
775,3152022,4840,3,2,100,0.2,1,0,1,100,20,3,0,74,-1.01653593619162,-0.461863222682684,0.495886234381212,0.469801304169881,-0.819249707554454,-0.295369158570493,1.34524499627347,-1.36517382533038,0.515646451608319,2.05427125153427,0.034246012246154,-0.466035524083179,0.719794062008366,0.511603640356779,-2.04245719681099,-0.378001472818913,0.90934523343385,-0.954715398379813,-1.64134234765974,-1.52391484707282,2,-1.03344432749342,-2.59210530679719,17.012446840483,4.42245432330132,1.82264112114185,7.5389510362619,4.30218334528088,2.4581689697574,-1.57774443481521,0.405621088482915,-0.357426831209329,8.55045388409386,-1.837133310145,-1.01357138187137,19.352263681425,-1.20718715908279,0.737270236595162,27.9448938786234,0.628140235927316,0.979452349609285,1506,1128,3389,2561,3004,6264,2014,3001,1629,1856,1908,4568,2246,1819,6605,1989,927,9246,2073,1667
776,3152022,4840,3,2,100,0.2,1,0,1,100,20,3,0,75,0.357260254436405,0.394066733931138,-0.772887021195104,0.809471404775338,-1.54595963733487,0.845095562480576,-0.611467527403139,0.276121543608998,0.13467668265673,-0.735527302389784,1.62030881324885,2.47965125531804,0.481703593967595,-1.56949036340968,-2.44311806438741,0.476889612879182,0.152194477780168,-0.117701253450587,0.602384509551826,-0.0014613366614764,2,-1.03344432749342,-2.59210530679719,17.012446840483,4.42245432330132,1.82264112114185,7.5389510362619,4.30218334528088,2.4581689697574,-1.57774443481521,0.405621088482915,-0.357426831209329,8.55045388409386,-1.837133310145,-1.01357138187137,19.352263681425,-1.20718715908279,0.737270236595162,27.9448938786234,0.628140235927316,0.979452349609285,1506,1128,3389,2561,3004,6264,2014,3001,1629,1856,1908,4568,2246,1819,6605,1989,927,9246,2073,1667
777,3152022,4840,3,2,100,0.2,1,0,1,100,20,3,0,76,-0.0457590087027954,-0.0103672812162854,0.14566581786204,-2.50356517410156,-1.57699760948313,0.123460806910201,0.232720125319672,0.207993640618052,1.73114984849391,-0.53040850689596,-0.240854952429603,-0.195941737624025,0.481349753905708,-0.0690651496442745,1.00434794107563,-1.97711440392012,0.687360580444444,0.645385512522408,0.765025112665768,-1.01679955585039,3,-1.03344432749342,-2.59210530679719,17.012446840483,4.42245432330132,1.82264112114185,7.5389510362619,4.30218334528088,2.4581689697574,-1.57774443481521,0.405621088482915,-0.357426831209329,8.55045388409386,-1.837133310145,-1.01357138187137,19.352263681425,-1.20718715908279,0.737270236595162,27.9448938786234,0.628140235927316,0.979452349609285,1506,1128,3389,2561,3004,6264,2014,3001,1629,1856,1908,4568,2246,1819,6605,1989,927,9246,2073,1667
778,3152022,4840,3,2,100,0.2,1,0,1,100,20,3,0,77,0.196511333247742,-0.208225496418117,-0.247858713356097,0.379146972609951,0.508355111226441,0.5521822416199,0.0311552392657385,0.889227311631445,0.00562579750717131,-0.413247043301826,0.173605029205733,1.06332203134081,2.13714661470095,-0.794136255799374,-1.1612085750663,1.4041708999133,-0.210103466764496,-0.854504939093665,-0.650479589363795,-1.70872460148894,2,-1.03344432749342,-2.59210530679719,17.012446840483,4.42245432330132,1.82264112114185,7.5389510362619,4.30218334528088,2.4581689697574,-1.57774443481521,0.405621088482915,-0.357426831209329,8.55045388409386,-1.837133310145,-1.01357138187137,19.352263681425,-1.20718715908279,0.737270236595162,27.9448938786234,0.628140235927316,0.979452349609285,1506,1128,3389,2561,3004,6264,2014,3001,1629,1856,1908,4568,2246,1819,6605,1989,927,9246,2073,1667
779,3152022,4840,3,2,100,0.2,1,0,1,100,20,3,0,78,-1.52079626872896,0.228355846385542,0.184781408663091,0.93947914915606,0.113572483201849,0.868623443935661,0.0684685140883066,-0.690795230641832,0.840542938670579,0.111433750205771,-1.22283935162839,1.76129415306757,0.24297044447276,0.960155166888158,0.511832025558413,1.02848197858,0.219303798178943,0.590898537368504,-1.24981414871805,-0.524881338835833,3,-1.03344432749342,-2.59210530679719,17.012446840483,4.42245432330132,1.82264112114185,7.5389510362619,4.30218334528088,2.4581689697574,-1.57774443481521,0.405621088482915,-0.357426831209329,8.55045388409386,-1.837133310145,-1.01357138187137,19.352263681425,-1.20718715908279,0.737270236595162,27.9448938786234,0.628140235927316,0.979452349609285,1506,1128,3389,2561,3004,6264,2014,3001,1629,1856,1908,4568,2246,1819,6605,1989,927,9246,2073,1667
780,3152022,4840,3,2,100,0.2,1,0,1,100,20,3,0,79,-0.516628032608644,0.834701411149743,-0.163429258690023,2.06056265553384,-0.789442250928652,0.463967548396436,1.63572205715829,1.22721647541898,-0.76298851528401,-0.0903797378567614,0.372748723198715,0.647985264016999,2.54096692696818,1.64704247212668,0.535000209241961,-0.466333121439553,-0.560367587039921,-1.14916063122229,0.335084551733965,0.410285936687045,4,-1.03344432749342,-2.59210530679719,17.012446840483,4.42245432330132,1.82264112114185,7.5389510362619,4.30218334528088,2.4581689697574,-1.57774443481521,0.405621088482915,-0.357426831209329,8.55045388409386,-1.837133310145,-1.01357138187137,19.352263681425,-1.20718715908279,0.737270236595162,27.9448938786234,0.628140235927316,0.979452349609285,1506,1128,3389,2561,3004,6264,2014,3001,1629,1856,1908,4568,2246,1819,6605,1989,927,9246,2073,1667
781,3152022,4840,3,2,100,0.2,1,0,1,100,20,3,0,80,-1.9036977669345,-0.153966489416231,0.757241020677418,-0.320496385322367,1.47865955092729,0.600127723516607,1.15896200403754,0.41387955726235,-0.783512562135761,-0.00457765277905548,1.4893961096012,1.09896909072643,-1.36849768956617,-0.979214089970372,-0.0237356246125997,-0.71103166904598,-0.420978869328769,0.609089575209909,0.942057622805549,-0.285599639663844,1,-1.03344432749342,-2.59210530679719,17.012446840483,4.42245432330132,1.82264112114185,7.5389510362619,4.30218334528088,2.4581689697574,-1.57774443481521,0.405621088482915,-0.357426831209329,8.55045388409386,-1.837133310145,-1.01357138187137,19.352263681425,-1.20718715908279,0.737270236595162,27.9448938786234,0.628140235927316,0.979452349609285,1506,1128,3389,2561,3004,6264,2014,3001,1629,1856,1908,4568,2246,1819,6605,1989,927,9246,2073,1667
782,3152022,4840,3,2,100,0.2,1,0,1,100,20,3,0,81,-0.0295865157642379,0.349415172026771,-0.675484903032673,1.60723625706842,0.547700926066638,-1.25336969872003,0.165180628913432,1.47500770830817,0.159517743678086,1.73552888196889,-0.207651698598117,0.879069092946443,-0.0674507479288917,0.0274749140732391,-1.65460078063619,-0.653045725802054,-0.140871858212265,2.71660260050929,0.220680801617569,1.55650206971563,3,-1.03344432749342,-2.59210530679719,17.012446840483,4.42245432330132,1.82264112114185,7.5389510362619,4.30218334528088,2.4581689697574,-1.57774443481521,0.405621088482915,-0.357426831209329,8.55045388409386,-1.837133310145,-1.01357138187137,19.352263681425,-1.20718715908279,0.737270236595162,27.9448938786234,0.628140235927316,0.979452349609285,1506,1128,3389,2561,3004,6264,2014,3001,1629,1856,1908,4568,2246,1819,6605,1989,927,9246,2073,1667
783,3152022,4840,3,2,100,0.2,1,0,1,100,20,3,0,82,0.144870992052907,0.934422376687245,-0.119279331110966,-2.299319787996,1.21232365352105,-0.158939493538693,-0.863568293193303,-1.15152653961383,0.74577431608102,1.8185354458294,0.237553625843079,0.927716190118136,-1.39760481702696,-1.3591502186578,-1.18812614582633,1.93955610756787,-0.215185068637691,0.418941721358794,-0.596540287961457,1.5555550430817,2,-1.03344432749342,-2.59210530679719,17.012446840483,4.42245432330132,1.82264112114185,7.5389510362619,4.30218334528088,2.4581689697574,-1.57774443481521,0.405621088482915,-0.357426831209329,8.55045388409386,-1.837133310145,-1.01357138187137,19.352263681425,-1.20718715908279,0.737270236595162,27.9448938786234,0.628140235927316,0.979452349609285,1506,1128,3389,2561,3004,6264,2014,3001,1629,1856,1908,4568,2246,1819,6605,1989,927,9246,2073,1667
784,3152022,4840,3,2,100,0.2,1,0,1,100,20,3,0,83,0.544970339379023,0.425527304935243,0.0759812649990621,0.867123063068373,-1.83064220435585,0.457022585202453,-0.157290242720405,1.19350108064262,-0.0308985474459645,-0.0727018595468252,-0.975268104688149,-0.12976121620092,-0.530860282091163,1.63367714656031,1.1131160066551,0.510511458028066,-1.72462184466427,0.22934356536026,-0.883170634201505,0.545431938847518,1,-1.03344432749342,-2.59210530679719,17.012446840483,4.42245432330132,1.82264112114185,7.5389510362619,4.30218334528088,2.4581689697574,-1.57774443481521,0.405621088482915,-0.357426831209329,8.55045388409386,-1.837133310145,-1.01357138187137,19.352263681425,-1.20718715908279,0.737270236595162,27.9448938786234,0.628140235927316,0.979452349609285,1506,1128,3389,2561,3004,6264,2014,3001,1629,1856,1908,4568,2246,1819,6605,1989,927,9246,2073,1667
785,3152022,4840,3,2,100,0.2,1,0,1,100,20,3,0,84,-0.549161931390758,-1.01800699224548,0.387558720243662,0.866449902443373,-1.38173802570139,-1.63235523280119,0.941388963228621,-0.586519020917748,-0.891937287996191,1.36263698175273,-2.43010980005242,-2.04494796415467,0.332237163307262,0.830871840110567,-0.0223893436614576,0.632667030178874,-0.273753083914283,-0.870513238409371,1.16609701416866,1.69356660193494,4,-1.03344432749342,-2.59210530679719,17.012446840483,4.42245432330132,1.82264112114185,7.5389510362619,4.30218334528088,2.4581689697574,-1.57774443481521,0.405621088482915,-0.357426831209329,8.55045388409386,-1.837133310145,-1.01357138187137,19.352263681425,-1.20718715908279,0.737270236595162,27.9448938786234,0.628140235927316,0.979452349609285,1506,1128,3389,2561,3004,6264,2014,3001,1629,1856,1908,4568,2246,1819,6605,1989,927,9246,2073,1667
786,3152022,4840,3,2,100,0.2,1,0,1,100,20,3,0,85,-0.441953655596555,-1.2011321855581,1.05259064529463,-0.486582271538974,-1.31153525197635,0.769015025063446,-0.128949896638006,-2.08104470501845,-0.193830545705308,-0.0161580081065112,0.587753307786682,-1.61006559774564,1.23223008274135,0.576790416797827,-0.246877816618705,-1.60251135689646,-0.475295941754,0.578230946541025,-0.375947301078485,0.588217853619143,1,-1.03344432749342,-2.59210530679719,17.012446840483,4.42245432330132,1.82264112114185,7.5389510362619,4.30218334528088,2.4581689697574,-1.57774443481521,0.405621088482915,-0.357426831209329,8.55045388409386,-1.837133310145,-1.01357138187137,19.352263681425,-1.20718715908279,0.737270236595162,27.9448938786234,0.628140235927316,0.979452349609285,1506,1128,3389,2561,3004,6264,2014,3001,1629,1856,1908,4568,2246,1819,6605,1989,927,9246,2073,1667
787,3152022,4840,3,2,100,0.2,1,0,1,100,20,3,0,86,-0.130171061962416,0.488561169638465,-0.657578066776697,-0.433742093818792,1.11749107326259,0.973988971378463,-0.663351127939271,-0.454579275390667,0.231483485593072,-0.789322270605966,-1.90667131928115,0.0132345598315723,0.348790391611019,0.379635859592041,0.395772918458797,0.265722436780544,-0.292556739671423,1.83093753849198,-0.155299518344858,-1.19673015933275,3,-1.03344432749342,-2.59210530679719,17.012446840483,4.42245432330132,1.82264112114185,7.5389510362619,4.30218334528088,2.4581689697574,-1.57774443481521,0.405621088482915,-0.357426831209329,8.55045388409386,-1.837133310145,-1.01357138187137,19.352263681425,-1.20718715908279,0.737270236595162,27.9448938786234,0.628140235927316,0.979452349609285,1506,1128,3389,2561,3004,6264,2014,3001,1629,1856,1908,4568,2246,1819,6605,1989,927,9246,2073,1667
788,3152022,4840,3,2,100,0.2,1,0,1,100,20,3,0,87,-0.33737195964497,0.964451169665397,0.00243090953150819,-0.279109916763653,1.36212325474943,0.424043676199504,1.72846200449408,0.373652346552861,0.499286093947324,1.18554192219624,-0.23384439077017,0.0932365453562445,-1.78290381158274,-0.635924991134453,-0.074622478830315,-0.999434262496395,1.04334682881485,-0.759930923538578,-0.00973690898407767,-1.90520314071974,2,-1.03344432749342,-2.59210530679719,17.012446840483,4.42245432330132,1.82264112114185,7.5389510362619,4.30218334528088,2.4581689697574,-1.57774443481521,0.405621088482915,-0.357426831209329,8.55045388409386,-1.837133310145,-1.01357138187137,19.352263681425,-1.20718715908279,0.737270236595162,27.9448938786234,0.628140235927316,0.979452349609285,1506,1128,3389,2561,3004,6264,2014,3001,1629,1856,1908,4568,2246,1819,6605,1989,927,9246,2073,1667
789,3152022,4840,3,2,100,0.2,1,0,1,100,20,3,0,88,-0.417804766870402,-0.0189094843197555,-1.69779200889145,-2.29102450862852,0.909552975713975,-0.627379043992283,0.174393353276859,-0.492470878935617,-1.02139267831543,0.746409881245783,-0.953014519942331,-0.632948057640604,-0.238374232387876,-1.53566545031996,0.162679069866304,-0.269828416982236,-0.0123121273448204,-0.371712716900739,-1.16618482273517,-0.901950495058915,4,-1.03344432749342,-2.59210530679719,17.012446840483,4.42245432330132,1.82264112114185,7.5389510362619,4.30218334528088,2.4581689697574,-1.57774443481521,0.405621088482915,-0.357426831209329,8.55045388409386,-1.837133310145,-1.01357138187137,19.352263681425,-1.20718715908279,0.737270236595162,27.9448938786234,0.628140235927316,0.979452349609285,1506,1128,3389,2561,3004,6264,2014,3001,1629,1856,1908,4568,2246,1819,6605,1989,927,9246,2073,1667
790,3152022,4840,3,2,100,0.2,1,0,1,100,20,3,0,89,0.467090497499052,-0.844714935606896,1.6765938355638,1.25188568306718,1.0038309915867,-0.420375088922471,1.09489903078921,-0.905576392626671,0.0989248859898592,1.55173642981391,0.656238805932211,-0.742278525152778,-1.10392460688753,0.809079095341392,0.115892701374799,0.148469713953253,0.167253221465955,-0.35432940274503,1.28801522608796,-0.116219280926503,4,-1.03344432749342,-2.59210530679719,17.012446840483,4.42245432330132,1.82264112114185,7.5389510362619,4.30218334528088,2.4581689697574,-1.57774443481521,0.405621088482915,-0.357426831209329,8.55045388409386,-1.837133310145,-1.01357138187137,19.352263681425,-1.20718715908279,0.737270236595162,27.9448938786234,0.628140235927316,0.979452349609285,1506,1128,3389,2561,3004,6264,2014,3001,1629,1856,1908,4568,2246,1819,6605,1989,927,9246,2073,1667
791,3152022,4840,3,2,100,0.2,1,0,1,100,20,3,0,90,-0.325462858729947,-0.434975065419993,-1.15931604912261,0.62862297166496,1.1518315829646,2.12310165559748,-1.88606040506178,1.52310073714011,0.607903139485743,2.32464364526941,-0.101488963875312,3.01475031817707,0.471884076889201,0.458274879101436,0.55762111809073,-0.68056152619465,1.37428993770599,-0.108580965303774,-0.837495909292179,0.0830492979048138,3,-1.03344432749342,-2.59210530679719,17.012446840483,4.42245432330132,1.82264112114185,7.5389510362619,4.30218334528088,2.4581689697574,-1.57774443481521,0.405621088482915,-0.357426831209329,8.55045388409386,-1.837133310145,-1.01357138187137,19.352263681425,-1.20718715908279,0.737270236595162,27.9448938786234,0.628140235927316,0.979452349609285,1506,1128,3389,2561,3004,6264,2014,3001,1629,1856,1908,4568,2246,1819,6605,1989,927,9246,2073,1667
792,3152022,4840,3,2,100,0.2,1,0,1,100,20,3,0,91,-0.609003221908577,-1.35610866653315,0.893649635893935,-0.287847606737956,-0.200891323463399,0.504202396189311,1.00616821014301,1.17535052362043,0.286898055804426,0.252980173154681,-1.9704068575417,-0.0759254356480649,-2.13237544554294,0.896573976310413,-1.63306555994545,-0.785642331722388,-0.0133273495069118,0.769911767684774,-1.08645337534951,-0.589970464196493,1,-1.03344432749342,-2.59210530679719,17.012446840483,4.42245432330132,1.82264112114185,7.5389510362619,4.30218334528088,2.4581689697574,-1.57774443481521,0.405621088482915,-0.357426831209329,8.55045388409386,-1.837133310145,-1.01357138187137,19.352263681425,-1.20718715908279,0.737270236595162,27.9448938786234,0.628140235927316,0.979452349609285,1506,1128,3389,2561,3004,6264,2014,3001,1629,1856,1908,4568,2246,1819,6605,1989,927,9246,2073,1667
793,3152022,4840,3,2,100,0.2,1,0,1,100,20,3,0,92,0.860204631500617,1.77273183408921,-2.00829930823394,1.00897746014485,-1.7820179013104,2.13534582261035,1.26695552520505,-0.703431743964788,0.208266012763456,-1.06629883631593,0.387508368956423,-0.331549371201904,0.854796659433136,-0.461228475395807,1.05455190751611,0.159486970371824,-1.07388149778573,-1.33165670375583,0.498334645578549,0.00855665685590981,4,-1.03344432749342,-2.59210530679719,17.012446840483,4.42245432330132,1.82264112114185,7.5389510362619,4.30218334528088,2.4581689697574,-1.57774443481521,0.405621088482915,-0.357426831209329,8.55045388409386,-1.837133310145,-1.01357138187137,19.352263681425,-1.20718715908279,0.737270236595162,27.9448938786234,0.628140235927316,0.979452349609285,1506,1128,3389,2561,3004,6264,2014,3001,1629,1856,1908,4568,2246,1819,6605,1989,927,9246,2073,1667
794,3152022,4840,3,2,100,0.2,1,0,1,100,20,3,0,93,-0.999171486985958,-0.263417144353767,-0.204991150196309,0.724714642853917,0.12712401521949,0.286380715809682,-0.665177460292549,-2.63363642236567,-0.426537513985204,0.0974490389143158,-0.0605368675798444,2.0755919062584,-0.927892588312717,0.212751606910514,-1.73439185631961,0.826120351813512,0.938185182568863,-1.06751749645853,-1.9706792488521,0.0533250135849496,2,-1.03344432749342,-2.59210530679719,17.012446840483,4.42245432330132,1.82264112114185,7.5389510362619,4.30218334528088,2.4581689697574,-1.57774443481521,0.405621088482915,-0.357426831209329,8.55045388409386,-1.837133310145,-1.01357138187137,19.352263681425,-1.20718715908279,0.737270236595162,27.9448938786234,0.628140235927316,0.979452349609285,1506,1128,3389,2561,3004,6264,2014,3001,1629,1856,1908,4568,2246,1819,6605,1989,927,9246,2073,1667
795,3152022,4840,3,2,100,0.2,1,0,1,100,20,3,0,94,-1.1433974568576,1.11559562699856,-0.26240047861223,-0.0376754375884969,0.0363547744560847,-1.12451429634745,0.303056077901406,-0.62507965431702,0.30538602269321,-0.831506667119723,-1.2809284331683,-0.0574780589008892,1.90173206682542,-0.316853532398315,0.993477369607869,-0.334491811372713,-0.766922291897014,0.29466648363252,1.41846539364028,-0.479726595993421,4,-1.03344432749342,-2.59210530679719,17.012446840483,4.42245432330132,1.82264112114185,7.5389510362619,4.30218334528088,2.4581689697574,-1.57774443481521,0.405621088482915,-0.357426831209329,8.55045388409386,-1.837133310145,-1.01357138187137,19.352263681425,-1.20718715908279,0.737270236595162,27.9448938786234,0.628140235927316,0.979452349609285,1506,1128,3389,2561,3004,6264,2014,3001,1629,1856,1908,4568,2246,1819,6605,1989,927,9246,2073,1667
796,3152022,4840,3,2,100,0.2,1,0,1,100,20,3,0,95,-1.14625786350384,-0.258858964559954,1.60378555520813,-0.141401665523016,-0.640778516474559,-0.181392428907337,1.16255450338048,0.298972482563608,1.40855824575112,-0.757025028288387,-0.0425222716266566,-0.489479146862055,-0.431852380080676,0.686795280529031,0.160527892062204,0.677532697754847,-0.778829351116053,0.631549399612098,-0.432236695425364,1.1258651044259,1,-1.03344432749342,-2.59210530679719,17.012446840483,4.42245432330132,1.82264112114185,7.5389510362619,4.30218334528088,2.4581689697574,-1.57774443481521,0.405621088482915,-0.357426831209329,8.55045388409386,-1.837133310145,-1.01357138187137,19.352263681425,-1.20718715908279,0.737270236595162,27.9448938786234,0.628140235927316,0.979452349609285,1506,1128,3389,2561,3004,6264,2014,3001,1629,1856,1908,4568,2246,1819,6605,1989,927,9246,2073,1667
797,3152022,4840,3,2,100,0.2,1,0,1,100,20,3,0,96,0.714199631064067,-2.46990508681251,0.529734058237661,0.487658082328744,-1.05716021669839,-0.747769312832045,1.56480881746504,-0.191339186115797,1.35058827496984,-0.286486564227285,-0.529272259242226,0.871272249152466,0.68903544472121,1.25712082535203,0.242914772612983,-1.51082839681961,-0.652890474539327,-0.472615103661393,-0.976597573545986,-0.502477177404686,4,-1.03344432749342,-2.59210530679719,17.012446840483,4.42245432330132,1.82264112114185,7.5389510362619,4.30218334528088,2.4581689697574,-1.57774443481521,0.405621088482915,-0.357426831209329,8.55045388409386,-1.837133310145,-1.01357138187137,19.352263681425,-1.20718715908279,0.737270236595162,27.9448938786234,0.628140235927316,0.979452349609285,1506,1128,3389,2561,3004,6264,2014,3001,1629,1856,1908,4568,2246,1819,6605,1989,927,9246,2073,1667
798,3152022,4840,3,2,100,0.2,1,0,1,100,20,3,0,97,1.06211515145028,-0.303524648243304,2.06148282848868,1.03470571482568,0.884598034505481,1.03151807135207,0.66403868742429,-1.05347993146544,-1.08324869761726,-0.692322398057915,0.907264513863064,-0.616846231143426,0.459915716703376,0.67445231326447,0.0142280381192421,0.998951359152073,-1.12990295389924,1.9661543797067,2.38443005872559,-0.864064509395582,1,-1.03344432749342,-2.59210530679719,17.012446840483,4.42245432330132,1.82264112114185,7.5389510362619,4.30218334528088,2.4581689697574,-1.57774443481521,0.405621088482915,-0.357426831209329,8.55045388409386,-1.837133310145,-1.01357138187137,19.352263681425,-1.20718715908279,0.737270236595162,27.9448938786234,0.628140235927316,0.979452349609285,1506,1128,3389,2561,3004,6264,2014,3001,1629,1856,1908,4568,2246,1819,6605,1989,927,9246,2073,1667
799,3152022,4840,3,2,100,0.2,1,0,1,100,20,3,0,98,-2.06504953755283,-0.251893192377915,1.6886698337211,-0.676861763681523,-1.91805582700293,-0.361720178672959,0.782279635266048,-2.22100297009804,-0.699948396825856,-0.6999327525028,0.042838875639823,0.158063329016429,-0.0838280532451856,-0.510478637287847,-1.45339629760307,-0.304561962439464,-0.220368628956323,0.348580099878632,0.248422466086272,-0.122062398946346,2,-1.03344432749342,-2.59210530679719,17.012446840483,4.42245432330132,1.82264112114185,7.5389510362619,4.30218334528088,2.4581689697574,-1.57774443481521,0.405621088482915,-0.357426831209329,8.55045388409386,-1.837133310145,-1.01357138187137,19.352263681425,-1.20718715908279,0.737270236595162,27.9448938786234,0.628140235927316,0.979452349609285,1506,1128,3389,2561,3004,6264,2014,3001,1629,1856,1908,4568,2246,1819,6605,1989,927,9246,2073,1667
800,3152022,4840,3,2,100,0.2,1,0,1,100,20,3,0,99,1.04276856924577,-0.712762118541287,-0.942312621915583,1.11988963534865,0.846029434239976,1.37057335103833,1.29665158213677,0.368787060756872,2.25773632102341,1.18011182034865,-0.316777373883794,0.895261102017845,-1.0988681732237,-0.518773919529584,0.133515948928051,0.980838053366213,0.556452085618592,-1.86635246379316,-0.88765047010373,-0.373641714312052,4,-1.03344432749342,-2.59210530679719,17.012446840483,4.42245432330132,1.82264112114185,7.5389510362619,4.30218334528088,2.4581689697574,-1.57774443481521,0.405621088482915,-0.357426831209329,8.55045388409386,-1.837133310145,-1.01357138187137,19.352263681425,-1.20718715908279,0.737270236595162,27.9448938786234,0.628140235927316,0.979452349609285,1506,1128,3389,2561,3004,6264,2014,3001,1629,1856,1908,4568,2246,1819,6605,1989,927,9246,2073,1667
801,3152022,4840,3,2,100,0.2,1,0,1,100,20,3,0,100,0.489568454459958,0.706721485624461,-2.15140369617841,-0.339522865632628,-0.727689512372699,-0.439600766486321,1.00782960277604,-0.641098099158216,-0.258492873649881,-0.761163663081935,0.88002866240842,-0.0211980685660877,0.471653016546119,-0.0587443840127944,-1.87340937219762,1.11490257055807,0.477975736903702,1.54258890684626,1.22013278700519,-1.15820120384103,3,-1.03344432749342,-2.59210530679719,17.012446840483,4.42245432330132,1.82264112114185,7.5389510362619,4.30218334528088,2.4581689697574,-1.57774443481521,0.405621088482915,-0.357426831209329,8.55045388409386,-1.837133310145,-1.01357138187137,19.352263681425,-1.20718715908279,0.737270236595162,27.9448938786234,0.628140235927316,0.979452349609285,1506,1128,3389,2561,3004,6264,2014,3001,1629,1856,1908,4568,2246,1819,6605,1989,927,9246,2073,1667
