"","s","m","traitimp1","traitimp2","traitimp3","traitimp4","traitimp5","traitimp6","traitimp7","traitimp8","traitimp9","traitimp10","traitimp11","traitimp12","traitimp13","traitimp14","traitimp15","traitimp16","traitimp17","traitimp18","traitimp19","traitimp20"
"2",1,1,-2.38122784806026,-2.54909786289933,1.91180619287175,0.88864718656513,-0.420756382485639,-1.16354891743152,-0.12217108176133,0.487524986755331,2.527539138327,-2.45630262608195,0.230603167366374,-0.700885609567294,1.17204070392458,1.8091048973509,1.86466284336645,0.465856777394582,-0.109633690699448,0.333604089776225,-1.18162329597006,4.91256122743636
"502",1,2,0.567457712336833,-1.36254746286576,0.359874049065972,1.67483327863442,1.53500508772477,-1.33497357227681,-1.17525801315426,2.9256795987571,-0.329632498008536,-2.50298065004024,-0.220289872231297,0.22777465824994,0.78984735773196,-0.283230590472958,-0.0346919313253737,-1.95857212621032,0.0371709413524463,0.935268022103827,2.66243656945761,-1.96680462741236
"1002",1,3,-0.41617899601751,-1.34953493874759,1.09945575131832,0.44521762360738,0.416476096492069,-0.365923360276362,-2.11921008105013,-3.09344546373067,0.368874289026763,-0.699907750518428,0.515371135206849,0.197503566789985,-1.98025365602107,-4.00478376841382,-2.37621555196878,-1.84495130841983,-1.01466113398652,-1.5163028846854,4.65119802992783,0.598965888914878
"1502",1,4,-0.565846999312129,-1.88513499710671,-1.85078703623448,2.23757560232772,-1.54979412462577,0.953923706759192,2.20824402221549,-0.394880556065328,-2.376286284096,0.900150941208987,0.278218451150509,3.16223150165389,-3.36426212280705,2.2610217159517,-0.518594277696867,-1.61036925312287,-3.39737002011015,-0.434635901443735,-0.784841691013383,1.93020210396256
"2002",1,5,3.30221127893856,-2.30859759512503,-2.69613065136069,-2.04191963758485,-3.27094272474048,3.62146460697508,-1.54306555380277,-2.06469268802385,-2.71003458757561,2.77798500134029,-1.51692031794038,-1.54691056961307,-0.1161746428754,-0.257935109462398,-1.61396286106287,1.49708873614415,-1.30445774777629,-0.0771681107789647,4.45797514992219,-1.68418631364453
"2502",1,6,1.15042884157628,0.369538397256989,3.88210926403415,-1.77639818910711,5.98600700737644,2.70527838801597,-0.828391306330044,-1.19464155729195,3.25823883328959,-2.14884729908983,-1.19864449475828,-0.821489765548433,-2.34829772908335,-0.736889513972269,0.435976953259052,-0.466002632653599,-2.86099998752634,0.92680211127135,1.36397886508654,-1.60548676269969
"3002",1,7,-2.02781475707014,-1.01678836169757,0.988905175801341,-1.56273345790442,-1.25285081521437,-1.93669098108823,-3.41088224262178,0.50785687491677,-0.491216052470875,-1.74706569194112,3.87881699028443,-0.881865859088982,-2.59765824509356,-1.5535907860382,1.57390936845671,0.506628480636174,-1.36856153286498,-0.758442345823069,1.83779786694905,-2.90764486119542
"3502",1,8,0.248710455233374,5.24465613078401,3.05726892803207,-1.70693097165958,-0.336645300312447,0.316101679932072,-3.11277635134143,-0.0667563291575918,-0.870358126046749,0.968280909546792,-1.94240449419889,0.323976503721443,2.14731214743924,-2.35366554318909,4.77533355049998,-3.5147214585394,1.88692581191692,-1.79884771766358,1.19414933846136,0.867568453456841
"4002",1,9,0.974622387299907,0.798880508894837,2.88515895958967,-2.80076393206181,-1.19390522739383,0.326845325183326,0.903659276569574,0.144774110332198,-1.01036352135076,1.98644327075908,-1.18784328010496,-0.0525277907572634,0.103021918728795,-0.940200542323953,0.633015205624927,-3.31640319291935,0.779986398329383,0.42849556121891,-1.19143277389198,-2.24705349731067
"4502",1,10,1.46478817578823,-1.01372817573827,-1.05456844168476,-2.77694353314044,0.590666797819829,-0.156635706033589,-1.76474780066567,0.606426255844085,0.4044787962584,2.12115006663939,-1.11416903621954,5.10432639657385,1.11038904479276,-2.86012782056435,0.75937659947261,-3.78955766268325,5.8350465444608,-1.08014905481402,-1.66196671473275,-2.24704609924938
"5002",1,11,-1.10904888580023,1.91056682192288,0.555086422594173,2.51121998364153,-2.3480261198291,0.444024100057008,-0.710835237007134,2.81731592974249,-0.64266201177641,1.11959601711577,-1.79055152355021,2.3322805840977,-0.945397869292153,-0.671669430682831,1.9156336612805,-0.43104649276718,4.9198474636563,-1.69243104587946,-2.49352907462186,-0.63677671223207
"5502",1,12,0.747457137028998,1.38466830832818,4.03783133878828,-0.870428160776754,-2.22015074642829,-2.02041697456574,-0.934943754873081,-0.89710684687501,-1.3034327902456,-2.9366005026144,1.98545563435631,1.86398755352757,0.120610838582964,-1.01104218057438,2.95638916641213,-0.411075232464532,1.04405723569868,-1.09277828417215,-2.78977535492393,-0.533103120231815
"6002",1,13,1.67511438357717,-0.368073077296753,-1.11746101730119,0.453172291274877,0.490569827602797,1.65141824794907,-1.24165162262846,1.70091763920179,1.03812421895179,-3.80700249831894,-1.39223087551734,-0.510657674663666,-0.504486456121995,-2.01654993397346,2.50043567217969,-2.11086936958174,-1.21283841747011,0.852244788491623,-2.00412771646626,-2.41358711106796
"6502",1,14,-2.91660876397204,-3.38325407850507,-0.462678677284367,-2.34914651026094,-2.49229998941166,-0.707279893826898,-2.17356780744583,-2.79038666013076,-0.148248152824354,-0.538577947042225,3.00253333584734,-1.62750792785604,-2.02177229680189,-1.33873510964139,-0.676681271055291,0.015269093497962,0.154736559403338,-0.0144338727106172,-0.717557889023776,7.32294142990476
"7002",1,15,-0.70583139426523,0.442713997855814,-1.42173772817958,-0.192522406717595,0.943329800006861,2.39683687531215,4.58218070925248,-1.10100930160829,1.99324952062532,1.27879868448695,3.03042887384121,-0.711413153843585,-0.0857600383257742,0.877449705860183,-1.77621779104867,0.281628873999303,3.21562487156329,-0.915199296202251,-3.49275328369363,1.59568417830367
"7502",1,16,-0.81519287260981,0.475628433967455,-1.03160181513102,1.29518231598003,-0.860712575454151,-1.08801261424253,0.341948101527053,-1.59059040152666,-0.0274547731774159,-1.14419565072743,-0.575506377908609,-2.71104293558261,-1.81967648535972,-0.26978817507661,1.17575839265503,-0.900179170383901,-0.224183177599503,-0.679778744079545,-0.458984763338526,-0.900272767707755
"8002",1,17,-0.257623563149698,0.823931076731865,-2.61173428327958,-0.166304466893143,-1.74314831713465,0.777223662322334,0.0377177098754321,-1.25023576542492,0.324189906295916,2.23555356947591,-1.5047355897058,-2.12219087863121,-0.486547649615045,-0.666791214964604,-0.567772309133578,0.190573900596749,-2.43795823319853,-0.552328318412876,-1.51248473588806,-1.47301029825983
"8502",1,18,-1.50510043098164,0.402062779350582,-2.45882467632735,-1.52591929407865,-0.755724880260388,-0.37564656588456,-0.602254437464521,-3.23081693019596,1.05507841163341,1.4522941035627,-4.07751868674237,-0.0254750632436849,2.28168641932367,-0.436038858491611,0.496855894218249,-2.12469811289434,-0.990569978599335,-0.257100279609553,-1.71268785537643,-1.24613917795393
"9002",1,19,-0.74190393806903,0.487693573948238,-0.927471988917841,0.954140035572706,-0.294481405107829,-0.510849704470289,-2.35888707536362,-1.46726721759266,0.00879975511405026,2.1667635432354,0.358891486100142,0.0662234136554741,-1.29805495369279,-0.0418433055204829,-2.75283480906497,-0.662241136127472,3.71223989245203,0.360979077565861,-1.37183550088569,4.07465336913082
"9502",1,20,0.746170926210522,-0.612411015729609,-0.324733625155493,-0.909963044951243,-2.67705223300702,-1.84340811468118,-1.8316629800307,-0.0704895610386332,0.66055352939028,0.510763617630399,-1.4484517380999,1.03207489226046,-1.13067973977338,-1.87354508566747,-1.52809218404706,-3.12341884349377,0.124538265686557,-1.66814355802403,-0.476434914172506,-1.28349297615922
"10002",1,21,1.62730318405923,0.180527913135136,-2.089484604527,0.955549112840359,5.39248147946524,-2.41686602812685,-0.537487080128894,-1.0774545901419,1.46041861606524,-1.3600495376989,-1.70278319445039,2.77617930621176,-0.394964801864174,-1.86065727318603,0.530687574224879,-1.95049253993873,-1.97083249119486,0.893051863870172,-1.54233317355759,-2.11254847752886
"10502",1,22,0.564267308153932,-2.76649296961615,-1.62422127314343,1.63713513696098,-1.71742948034339,-0.0211023426383053,-0.743972162851067,1.44297862145937,1.20164925972368,-1.26793756573597,1.26623814024609,0.90300761838737,-1.42871315448995,-0.611780466602763,-2.75909376371315,-1.18454266307536,0.538430597240513,-0.390650739802544,0.880891010559123,-1.40521050049519
"11002",1,23,0.47462524409534,0.354952744220129,-2.76020504812884,-2.96190601708164,-1.36900173382907,2.76115668360837,-2.75652109348535,1.12402019252862,-0.420520150850337,-3.71576155424946,-3.08539542140868,-3.39834383883974,1.71011324638557,-0.262356360567994,1.23882587474262,-1.39144868184337,-0.108547048616457,-3.18912792205184,2.1657808943959,0.153201358852999
"11502",1,24,-1.59147689298819,1.05682347611413,0.0648268002532641,-0.127664620810663,-0.337379173472711,1.32273491678272,-0.395328049991764,0.971465501232378,-2.6186508249369,-1.22361719114109,-1.51361825307678,2.57793943961936,0.0375998919684618,1.6948258953221,0.382816207567499,-1.33878613158455,-0.965678334371976,1.28171614308567,-4.30092886722812,-1.17328207981371
"12002",1,25,-1.99368182537384,1.60852088024815,-2.75367257005233,0.436797766986745,-0.788189348467871,-0.242774618878807,-2.07664785989297,-0.446046336901959,0.227618754655499,1.09500203950905,1.39142275043339,-2.97649672938018,0.65247803521229,-0.364604815992005,2.37715516636867,-2.51077297362546,2.46826521921113,0.54651883594674,1.06898166838485,0.213287462965597
"12502",1,26,-1.64547553305451,2.6149127950126,-1.94781513662521,-1.38333850324907,-2.43986549330562,-0.719232236542784,0.122347011870721,0.331874192456917,-1.10959957190514,0.409178970771298,1.13090016212811,1.19593629465318,2.51771858060855,0.231598891112624,-2.65623568160729,-1.27236365119152,-0.875141670250991,-1.29032696918048,-0.58584616925535,0.705025133840421
"13002",1,27,-2.16408198720737,-0.480326921796785,-1.53021501037804,0.433255254134947,1.50240670694928,-0.145320907976429,-2.47326426151383,0.7511342031415,-0.722163106616393,-1.37972492586493,-0.278317675250458,-3.37860637008371,-1.58018646126462,0.747533522540101,-1.52370142186766,-0.552303698565341,0.469073298949149,0.48329704482548,2.50977147747017,-1.35653992127424
"13502",1,28,3.22391211675906,0.411381120823923,-0.180153296513478,1.02113582310045,3.38101800360305,-2.3018081856982,0.522746674111528,1.2064241033258,1.39960159155811,-0.681617753995651,3.55938599343335,0.212125561908741,-1.24893114519749,-1.37586265096171,0.561973530913221,0.605042600921957,0.45632751567277,2.25725643645366,1.57887651117422,1.06989800508507
"14002",1,29,-2.55809948741784,1.58576914380712,-1.74820428201111,-1.93423455827814,4.2294771765063,-2.6034543694808,-2.92205806563292,0.328196009000566,1.19974253772941,-2.85419229572322,-2.23535616396007,0.0125424928325233,0.899525955987305,-4.547800332802,-1.34636731130984,-0.746075730405986,-1.76642128797958,-1.00469684400006,-1.2499080367437,-0.646577000434856
"14502",1,30,-3.53349546673537,-0.713950659826037,-2.34827357571518,-0.537329904909281,1.5125416879129,-2.73099354025516,-0.810202993647916,1.70821558890276,0.0913721481050478,-2.10941063545293,2.26794130998017,-0.510271378732987,-2.18562198779625,-2.23993471113725,1.73045446323508,-2.12463603974812,1.50106630782203,1.31147990698621,0.13571821847663,-2.45683709231059
"102",2,1,1.91205044318528,-2.95105595196756,-1.09972297624745,4.41000955677358,-3.25692376188421,1.99630057822659,0.0994163685532639,-0.876651462229921,0.657392090572607,-0.881320926737766,0.529770477531894,-0.430059780246994,2.77651203574965,-1.99305137702539,2.68933157576225,2.15781191494357,-1.24524189639042,-2.11972757263078,0.751796437669857,5.76358588046369
"602",2,2,1.70662888943081,-0.786704459133479,-0.1438767725806,0.572146219557727,-0.426194201677778,0.936285325532497,1.69970072594806,0.53560752894807,0.145680661543689,-2.15101355599961,1.91335139545796,-1.56994524682549,0.433391862707586,1.16852324507265,-0.537562660202025,-0.642150599451154,0.316994160921579,-1.26957544050577,0.799784674379922,-1.64709724738082
"1102",2,3,0.820522472335276,-1.78469787569464,2.26290595892872,-0.111830992694864,-2.10145254163829,-0.549108588529329,1.32668811219091,0.577753299756898,-0.747591041079751,-2.05485760221188,-2.27059886068672,0.497075822917289,0.990381513709762,-1.49216069838225,-2.74175074074528,1.80340302576061,-2.34131920411095,-2.46360040475593,1.26122220053713,-0.116951484062918
"1602",2,4,-1.05369264461101,-0.348026811794687,-0.541669798161245,-0.295904040924732,-2.34399477457123,1.08737136368574,-0.254313171306724,0.775395091978636,-0.402365006187803,1.73914087722375,-0.292163453468903,-1.4429051989893,-3.38146079954489,-0.735935775365908,-0.999988628069746,-0.574997006864976,-3.39076280586984,1.73094761092736,2.55415325286441,-2.64993672666396
"2102",2,5,-1.13708625607347,-0.514217554779285,-2.87853500110336,2.12308659751726,-1.16641053748599,-2.30153787290698,2.85083351535963,0.781653420043588,0.686179188660053,0.603678009109937,-0.0360391858235605,0.475267397631302,0.573591431587852,-1.038178324635,-2.48841253890697,-0.0533764951617186,-0.753231253794455,-0.373773915887167,-3.76981671633423,0.218858944766718
"2602",2,6,-1.30726388157159,-0.45359850790664,-0.429275240249406,-0.844483748613093,-0.478415159664307,-2.67188993804189,-3.91802426144489,-2.35461199815789,-2.4762481679832,-0.987113559437102,-1.47813076563421,-1.00106392285637,5.27490921869807,-1.02912751996717,-1.98690448893852,1.5807051927662,-2.28550656954167,0.410913514306834,-1.81801339307832,0.513989410290458
"3102",2,7,-1.72981394379073,-1.17378162966708,-3.59440419543258,-1.52607014586045,0.417124651215369,0.57020319064117,-0.668973371081881,-0.801138299205326,-0.28860000365349,-0.353253899704331,-0.419657234303168,0.690846959059534,1.40873972200829,-0.325902297703037,-2.21171309257237,-2.76008204441346,-0.796489606078915,-1.03495620972643,-1.97086684005919,-0.918716402391278
"3602",2,8,-0.758083105184784,-0.799016464816411,-0.858840836557851,1.20109095576506,-0.814892859789915,1.64015932792205,-1.11349321883281,-1.24609086747523,-1.31990311986981,0.485895124972052,-4.35302741246357,-0.762875381152232,-1.2615870593509,-0.948538263836566,-1.45251083354137,-1.97563313482743,-1.39447457008967,-0.450203128346217,-2.68963992346964,0.768630353945243
"4102",2,9,-3.98118687372674,2.81453157437933,-2.12641217348597,0.291577779078039,-2.16401645274788,-0.63326450056959,1.06884134726636,-1.41846823722684,1.19803690210352,-0.543644199254628,-1.4472599436455,-1.98075189710921,-2.43078876298471,-0.254359276343066,1.30255814875992,-1.62665481553763,-1.1672302886406,-0.719398715805118,-2.79996563630739,-2.39889048009976
"4602",2,10,-1.92963278163845,-0.180594190755389,-0.561127965206257,1.13219568014407,2.60089590064824,-0.986765339085464,-1.88045354345539,1.30154696842919,0.652456393206722,0.312936673988356,0.38884398584378,-0.459790894398444,-0.0228355286219544,1.22664052210011,0.562844001001854,0.122150500568098,0.570667331660915,2.79885689100284,1.71641084287879,-1.10312436730169
"5102",2,11,1.79911223881772,-2.90941061076591,0.955903984888072,-1.28526836306928,-0.930067496284966,-1.57783748146941,2.0652239009936,-2.66322209778387,1.53678704125186,3.13987956895135,0.474008456832894,-3.11013727378411,-2.57067133482814,-0.593061550567411,6.27007162616087,-0.648752493572129,1.79779988036157,-2.24208709638097,-0.567196167868606,-1.2384394212607
"5602",2,12,-2.16119266939769,0.794904361448177,-0.12078676290266,-2.50488534928676,-1.63476147065277,5.77103906335937,4.24022792341152,-1.27566176737435,2.46282439633564,1.49516236984403,-4.15970947062933,-1.55773726384939,-3.60031685445322,-2.8413602620282,-0.173571461983619,6.74469496660523,-0.316032311761258,3.23168503680052,-0.687753780214934,1.18599119694032
"6102",2,13,-1.93029386757462,1.08810096564176,0.944755156148357,-1.03030796148571,1.01142919887234,0.216845865923318,1.28834030858251,-0.954944066892252,3.83700792598383,0.416149868588947,-2.63107387321327,-0.594541209398515,-0.711565168237809,-2.97561378421977,-1.7902004884761,3.07377999065406,0.402314281788187,-0.253800305002874,-1.37285283583511,-1.48582085705058
"6602",2,14,-1.20017096073779,0.979924135232894,4.32090767561216,0.931013425692171,-2.8168998757213,-0.726018995673904,0.35517789396893,-1.62611457837524,-1.92708252302237,-2.53267059536441,0.360790572558669,2.12533194358553,0.756163826659593,0.618905179696939,1.69155533604956,0.734510515507361,0.750065380827261,-1.97870796177397,0.276805347357607,-0.53616615111198
"7102",2,15,-1.93933604194383,-0.675855939338436,-2.80618119105645,3.43075627512582,1.79611690695437,3.0975180838272,-0.986134310693116,2.48614392152616,-3.02260768575035,1.07572628871695,-0.561055724379824,1.72617580585199,-0.13019383070201,-0.251696612627275,-1.42841653360157,-0.576450648466464,4.27523417444757,-0.598716040773704,0.0654782751190366,-1.31431229375756
"7602",2,16,3.35847600459203,1.19172188595433,-0.896927901615123,0.707732197254303,3.6638019860333,-0.724095681692802,1.97248495927228,0.0225340276633062,2.06890516537259,3.83646608031075,0.150267138615032,-2.15209117724879,-0.453775325946539,3.24467630227926,1.05571795581524,-1.51667154628426,1.95655922590755,-0.346541918993546,-1.89958461073321,-1.86768091933013
"8102",2,17,0.91598233759932,-2.31850932525164,-1.86536326694189,-3.79165556842463,3.31294157827974,1.70463526824435,0.124404377916735,2.31202700747447,-2.02541111160004,1.3916568026334,-0.273928515372703,-1.18568480121317,-2.7337724419094,0.641315046095155,1.06090318445414,-0.965589721262869,-1.45514039831871,0.365960147197074,-0.193550361315125,0.293550849918618
"8602",2,18,4.40621989556405,-6.72801580286629e-05,-1.76377025125059,1.28831207571296,-0.455567139407622,-1.2627742155407,-0.935799223843547,0.466133427091017,3.08262384678714,-1.93664900336155,-1.10368560348446,-1.11922128819567,0.406794710714948,-0.0472846896418391,3.76373018252584,-2.51810481562957,-2.6982350842292,-0.826589808268737,-1.42996254245985,2.84223887446811
"9102",2,19,-2.24296861470883,1.35888855869494,-2.26330545710245,0.157930324780222,-1.04646688648866,1.07263605372729,0.890565184477023,0.110234499555987,-1.68199012619702,-1.94701205999442,1.88594095710274,-3.10498663673117,-4.06009762112028,-0.113890300129446,-1.46081344603659,-0.0499235587614428,0.800400583821817,-3.58130583995369,1.51029351246223,0.819089259078269
"9602",2,20,-1.53136537205113,0.0747227645142093,-2.5657874376676,4.09081592139871,0.470663634138122,2.53283269034902,-0.414801307969019,-1.48804827633004,0.0501853184417237,-0.217419749690128,-2.2892235527137,-2.14417615477882,-0.681499141147447,-0.0452235286524361,-0.648664028227633,-0.178874122702193,0.0631980134244406,0.311634085129208,2.83434582069713,1.38600267216552
"10102",2,21,-0.394096155704225,0.491952232874389,0.28535036527513,1.004311345356,-1.82281331076224,-1.81391626932193,0.723446852527952,-0.954955137425001,-1.09106738161833,-0.649858208294038,0.685765292230301,-0.762095908043101,-1.73222065607898,1.73752454146569,-0.0273093895773017,-1.53502397336405,1.3063419850772,2.49410210847575,4.14856519428417,-0.855924558525226
"10602",2,22,1.69107394073145,-1.94906776336849,-1.6212704208135,0.810604627184285,-0.473351856142038,0.200323318289746,-2.19204091449054,-1.98248240917879,0.607600913117719,1.83398970138995,-0.826932040514497,-2.92798394296348,0.602501303698806,-0.536248974262116,-0.192657334956219,0.404183353862397,2.47570938327479,3.49207628869978,0.904174924556886,2.02804977159459
"11102",2,23,-2.46164108083973,-1.95274408063594,2.06766210348304,0.12121503577548,0.921916817001548,-2.85316148839731,1.08232353222778,2.38171214311376,0.667292055449817,1.87619762286602,-2.77859644474004,-0.229892995147399,1.30801064067405,0.980863461424085,-0.22747514790939,-2.0583536547769,-0.801726081268635,-2.04975351452586,3.24403551401203,-3.09826220120858
"11602",2,24,-1.1483396112445,-2.55036861486167,-1.52615988263868,-1.07528151540251,0.748028022869458,-2.56983415458671,2.70589058195507,-2.2659379836848,-0.754427435364916,-0.548809885195784,-0.655356479941375,4.23556235610994,1.05164050356527,0.312376768577748,-1.23959935396685,1.42895237016099,-1.890665714912,-0.731733100206096,0.0170412840190082,0.50993543406906
"12102",2,25,-1.09979360548771,1.70268748764847,-1.62689668659192,-1.17861562843851,4.45265797305222,-0.644232474245702,3.99139964992929,1.09224389247931,1.72934555459005,-2.30908154542886,-1.31133964814201,-2.64857623100598,-0.00355275584891944,1.38345246278947,-0.701653470012933,-1.30060416974733,1.25946431810413,-1.16507611503837,-1.10118558777907,-3.96870928630772
"12602",2,26,0.403942627388193,2.02929721178455,-1.49742680528991,2.88169697651267,-2.84439052371655,-2.01861631148065,1.83776828701745,0.54307135356758,-2.42798559025833,-1.82329059005715,1.56473717906592,0.791367403549645,-2.47031429117179,0.746742581451074,-2.9751468201606,-0.116300050876126,-0.962320894525427,2.13937064068248,-2.25607634285974,0.0948895833885966
"13102",2,27,0.632907741010168,1.32933410985503,0.207455808696693,0.883301347163565,0.518896014217022,-1.26935964637808,1.1804882901154,1.92062861202457,-1.58410241520909,1.68964769723305,-0.0870096471871457,0.065234906974043,1.21191221476801,1.7437072262573,0.407303816199562,0.786958937523786,-0.738478258456006,-1.58280252614044,-0.936373335204134,-0.636076039714336
"13602",2,28,0.770363774412235,-0.257658182754051,0.690213566981103,-2.27934313930759,1.27076436910813,0.968489101672985,-3.31093336478636,2.80222359534496,4.04390757120276,-0.470744656534468,-0.0472091655331564,-2.46745698186234,-1.11929708285925,1.33099068396834,0.411602042276375,-0.483704887738626,3.69413737626741,-0.478072168088024,-1.40548215866308,-2.10325088622458
"14102",2,29,2.89315957751532,-2.28427830456747,-1.60035524040231,-1.67540557552378,0.251200668289856,-0.117300626182621,1.04493667610357,0.340627254795505,-0.733637601940224,1.52397730723534,-2.39688223794437,1.94779499903857,0.533723254701532,-1.08841733384647,3.5766011007651,-2.13784448221857,-0.483667768737646,3.95644708018162,0.575559063747292,0.0603090147820773
"14602",2,30,1.1197177498872,-0.0745437241004092,-1.57114741934074,0.227711638033231,2.04262000404072,-0.303978964778176,-3.25575106162985,-1.01519033054356,-2.59156775157168,1.58277042717109,-0.155919587380757,2.44903127027546,-0.345585616450942,-0.772381469395778,-1.71807183149408,-1.36222201287873,-2.24735362264775,-0.383804423532983,-0.793962314632289,-1.68287796773123
"202",3,1,1.54528637113407,0.215512441091721,4.78319440061208,0.476756376580283,13.4680049034835,6.85239340614385,0.619379230939741,-0.087832285490454,0.0793748854824458,1.28575732090523,32.0412929727708,-0.320173166925608,3.43345462859153,-0.055542987551758,1.51118465919455,0.764382832468574,1.55854047591929,13.4910846712034,-1.46160279008706,2.27491633863755
"702",3,2,-1.03344432749342,-2.59210530679719,17.012446840483,4.42245432330132,1.82264112114185,7.5389510362619,4.30218334528088,2.4581689697574,-1.57774443481521,0.405621088482915,-0.357426831209329,8.55045388409386,-1.837133310145,-1.01357138187137,19.352263681425,-1.20718715908279,0.737270236595162,27.9448938786234,0.628140235927316,0.979452349609285
"1202",3,3,16.446495920008,0.220748394377823,4.13779942552499,4.77054934501996,-1.17579329867381,20.1924872284878,4.71953368538162,-2.07407047506031,27.5779058232443,4.00100375497468,-0.160522799771779,1.34091374203363,0.86442509397978,-0.486589207770141,-0.0322382577876408,1.61673501792893,-1.15254050165565,-0.789740500206924,-0.507970498062308,-0.903348157082545
"1702",3,4,-1.02500870006917,0.898550957587453,6.97676685433234,1.2465999436202,0.537006451957899,13.3367027754694,3.13262629192833,0.725117930765551,-1.32813052356311,0.823137522018544,24.3859457815838,33.5015422878746,0.655738580646044,-2.20792221276321,10.7377114606463,0.442156925440272,1.34827823355024,2.04949329563107,-0.013130669853151,0.874798706379502
"2202",3,5,-1.46502398181764,6.66091469625129,1.42540218856721,-2.05551620091303,-1.39105996036337,2.99176057361765,0.955416096521246,35.5802093108682,-2.61154350585668,8.66953084202939,-3.01722868550441,-0.021722098205871,1.48908766726332,1.12981879246033,4.25829317382634,20.1713478423551,-2.18979629702838,20.258784404012,-1.12788284223272,3.82213802928805
"2702",3,6,3.20640901827916,1.21323039825182,-2.99079886622899,1.09873935966662,24.4956118745229,-0.616505352679341,0.79177139314273,-0.978120190983037,-1.32265408889119,-1.98027650206211,-1.64958242557463,-3.90055728634598,2.83155033332321,-2.32559107259255,0.374472719089646,-0.360350716226647,0.989948439110904,1.7748884545957,2.86928563757045,34.6586454867155
"3202",3,7,-0.252582821713018,4.13922799222746,-0.101307871885405,3.15544253311033,1.71116165080405,0.304023536603526,14.9930906811084,2.5162694734489,1.4384724471654,4.08227058949658,4.5499040708135,1.84878261341758,21.100766798819,0.51254706651346,1.39922868278205,28.2312296454388,16.3438069148916,0.00289265124016946,-0.336161475662058,-2.41008227518513
"3702",3,8,3.20127361658576,-0.61744453370273,-1.84968401090563,1.24316068183468,0.182129609161143,-2.0483638935687,2.77232948113733,11.1104810400893,16.7692781750278,28.0435314711811,6.70465032016933,21.7552832234082,5.48407812763753,-2.84719476396381,-1.94473651782887,-0.859110653211903,0.453249343357405,-1.69652436078736,9.6309332541347,-0.290168474235791
"4202",3,9,-0.734149611886037,21.5246211625715,1.10700892259646,0.369006926341285,4.13883473186374,31.5539540472425,0.862990649472779,0.567727395261742,2.4014523382143,0.353564915228975,1.22930950996377,0.553678089209231,8.46854088228297,-0.40751543033742,-0.628535146781871,1.11695974193955,-0.297994812598412,0.180907669380995,2.46035239463066,-2.15604463014989
"4702",3,10,-1.35388051638033,-1.0437379915364,-1.19640895502299,24.0106704668644,-0.623252747408593,0.55184084685695,-0.654543213933926,30.2916017627863,3.1639061331762,-1.09655605711393,9.02006140105441,0.612508891917693,1.10133880738463,0.136137459118948,1.06557314890307,-1.28170505270049,0.597752315323231,0.953907007989713,0.135742214936089,2.31347245800366
"5202",3,11,-0.946625221061039,-2.24426518210381,1.40374991134783,29.7511039439438,1.02965154279166,1.94107113289968,1.6495141850684,7.05938076963399,-0.403825023128145,-1.64674623363534,0.880707695476425,4.22791431958533,1.21501975495683,-1.68040991020154,-1.61699268845676,22.3685115581086,7.64153047946796,0.810304267775447,0.212016658869821,1.56508105602146
"5702",3,12,-2.35357623170128,1.47407810176251,0.0941266433941186,18.0592873970252,16.5115732848557,9.81968417348057,-0.277114346255444,0.752986586578592,1.68231317052834,-1.03919376997307,15.9874544322866,0.118188032993334,4.04181387502073,19.7421398194065,5.58374407626914,1.47581465411937,-1.0584602195934,-1.56618723008442,4.55736535104726,-0.940245840414881
"6202",3,13,-0.0314092444082414,2.74399257503177,0.844681775980657,-0.425320920594982,14.6762192894141,13.8930848595979,1.53187159193969,11.9430642222161,-0.761148647249365,8.99973746100569,29.0657183375148,-2.72018936350512,6.63061428095479,2.28514467995009,8.82373403756802,-0.263017826909956,6.0458587958575,-2.10510584384557,1.01424688945702,-0.0830538705038679
"6702",3,14,-0.192074565258122,0.554941895160848,-1.1409963757919,-0.867122691031546,2.96047802747223,0.0734857361742356,30.9862669554794,-1.17279907985223,30.7564417189886,1.48096931305042,-0.524318465543151,1.0744400979691,0.284249402170257,2.64287366886959,-1.40437953828271,3.10296688309276,-0.424819725647753,-2.00692799259573,1.08714470129615,0.307458503461216
"7202",3,15,-2.17875044319347,-1.72180451692423,-0.565428696232032,-1.03456117345479,1.80653047606795,4.47053136196884,12.8110624834455,23.9158943920521,-0.381010479404227,0.769846368604628,7.53468512116185,1.33643333573917,25.1871635814647,13.4570393094549,-1.55066566778346,-1.39529526716015,2.75700636932418,-1.09503996548789,3.46793169458127,2.36058087871142
"7702",3,16,7.65660073307616,0.492291881894104,6.61203102888903,-0.58110923116727,20.3887695245784,25.7958628196503,-2.54180784915167,-1.82560161626409,4.74536315571582,2.25265634063132,-0.137483135357185,0.120554737486949,10.4268620498974,2.20949024447942,1.51750404629379,11.5724267703256,-1.41836384214025,3.06589906695077,14.2006382844475,-2.52918746658633
"8202",3,17,0.737392011614775,16.6236029469609,16.5529575501155,0.250578712159564,12.2653733988444,2.32830651476915,1.63209922918598,1.57966961585927,-0.867780084599607,1.81079327276423,-1.80756624017193,-1.43289943371207,19.6426306399147,-0.60076682724489,-1.44549477671025,0.0106484779128305,-0.06950095232562,1.05358129838204,21.5620851842944,-2.54489422218792
"8702",3,18,12.2564644387138,1.97350380737915,0.132031222413119,0.583809561405975,-0.0488617327636285,15.6196681960204,0.287731869394451,-1.18742830269709,34.4603539953701,2.30246247740248,1.39082964860964,3.36728638216525,-0.531649738872468,-0.205107847001153,-0.664266729043232,6.38034023838575,0.747215875936425,1.72179562566487,14.2994956653306,5.9803806860514
"9202",3,19,6.06271620007501,32.9516842754236,-0.849348333770044,-2.54855494533668,1.17916031838971,-0.964852061449042,-0.00641661082637809,-1.16904225914698,2.92333383130553,30.1932630106477,0.9578788553041,1.68946479581653,1.95798966566434,2.16170147373751,-0.798193109333513,1.19909942587459,2.61966428816103,-1.34737081810637,-0.816933597979901,-1.16142598924247
"9702",3,20,-1.16369806618932,-1.03036543080681,5.42695145565328,5.58953047042181,-0.798467797168701,28.0387025715246,0.356474396354244,-2.80512000770667,9.7971705097374,10.6413577028871,1.13632152099666,9.94624189504288,0.950177115863581,-2.13511464126841,0.390830373002805,1.28160198089924,-1.26092948745496,17.3913942704982,-2.76072525749182,6.6632389428322
"10202",3,21,-1.03729773953711,-1.21828473732349,13.4661180455499,10.4412396052296,-1.50675279147809,0.833304287381171,0.0789798331824831,10.6206604515939,-1.51813964744862,0.729252175787178,-0.772698845239762,2.1914181745582,3.20444365360537,-1.23660433463211,-1.95414498660143,7.34978073749915,-1.87150358960416,8.80504604861489,0.874857393556379,34.3519228174258
"10702",3,22,3.76212325732168,-0.465389813964174,0.450078075073708,17.8027288228333,6.06709201778306,5.07013864942376,0.0749075665547097,0.0181422908182432,-2.23543593692521,-2.97644652540183,-0.765537740925399,19.1331743365078,-0.0675787281436976,0.549952135427431,1.15390525057612,0.355969731621447,38.8240003139737,1.05935673932832,0.261989949483831,-1.1097338089894
"11202",3,23,3.38056006331019,-2.62791273818372,-1.43412959960837,1.1526442145429,0.921743300079087,-2.22368949300333,9.26757907230675,0.37685517859823,10.3950614035768,4.45962305995257,-1.93978453150248,-2.45533251128928,36.6698950694651,4.42946822629429,5.80808227536994,-1.97231497207103,-1.97190311046345,0.19345165391334,9.77095438116388,-0.800549418890957
"11702",3,24,6.05249132813376,4.82081270221205,-0.0460905272883318,3.02357530869231,-2.83668153234231,-0.513611854934389,2.0003355451597,32.5780879642606,-1.10933336005966,17.4547701014614,1.88941091793787,0.665438974737513,-2.95865732196458,16.9328809549783,0.233172062852236,2.6716158875367,4.6202615723575,1.43892060664198,2.46704286813303,-0.912882934560106
"12202",3,25,-0.0679581288258966,0.91348656959208,0.0549992109122209,0.788552571787293,7.40142672573392,16.4923152329989,4.83095961635689,-0.36891276617612,7.44832777646398,1.06095719610981,1.8450850398854,3.11390034006984,1.08519441296615,3.2307036021359,0.0418956854291841,27.7184467987117,0.609993717289211,-1.30427816742025,1.56619357015281,24.9859904214245
"12702",3,26,2.56971714331936,-0.837405297940278,9.2511348647352,-0.0700603013325083,1.21715080205293,-0.648041654937322,0.567225083893354,1.71824170466983,1.20256796097841,-2.96987275526694,0.53820618610177,-0.778239336887369,2.30959859868105,0.550008493085267,3.86094514761894,31.9505880183283,-0.06481593658078,0.512527433853275,-0.803289084061572,27.0740599840244
"13202",3,27,29.7328088182252,0.774257542445275,-1.40333268256026,0.336149354233124,-2.33770847599088,13.0128660824424,-1.92352037016034,8.60724724627211,10.9280918613485,-0.506477835082208,-1.57268506434093,3.59331267106595,0.335006244161416,9.99583767113417,0.616038318972609,-0.183215073839099,-0.39119968152432,-0.0705329535025755,-0.462840732862067,-0.272265140105387
"13702",3,28,1.55429773111416,-1.1641756368453,-1.16925845255331,-2.40124956041218,3.62756493514363,-0.375163963040855,-1.20852981175464,3.44586481253286,-0.0853831379661819,30.2729848392072,11.9058115558046,0.20387467058029,1.79398481176458,3.20751965390692,-0.106675868568749,1.98687784591893,2.95981741228482,4.8416127150501,15.9357334899349,3.63302742632079
"14202",3,29,31.2891079500184,-2.0272470416401,1.92586184479156,-0.607107939264072,2.92435986758643,-0.821146589836065,-0.225676944982794,-1.78714472740192,0.230977009911122,-2.16678486041627,4.56792309012814,2.00152208481194,-0.595045221144209,-0.249901281509057,29.422981464982,-0.9521514915565,0.0132388856803069,-0.588146224839643,1.68198961846736,-0.664036695604679
"14702",3,30,-0.119366615368784,1.55615026277593,-0.975489644376351,0.0435893202338154,28.9614515555146,0.860320749752718,-1.47892658333035,6.462226073162,-1.54879953967556,2.81440748666558,-1.71980626129063,-0.443189608186108,-2.92126912426038,-0.151799096500903,1.87991489074845,-0.68021229809668,2.56640499263634,3.23861616837082,26.3159942042392,1.49341185815932
"302",4,1,34.2022867382906,4.22815762451008,-2.09167558370346,0.477190267075207,-2.12895279942178,-0.878634951997905,-2.2424340484763,0.00108297323751957,-0.691352825002095,-0.79014055304394,1.06401131855114,-2.61066522374039,-0.945619167499146,-0.655091133448725,-1.80169645856515,0.308135726279519,-0.247901188789085,-2.82829478710624,-0.94902913710104,-1.05425957419678
"802",4,2,34.9349265823088,2.81001136583156,3.31804628280949,-3.64599226727691,-0.171927226272973,-0.474299020039817,-0.916009469483086,-0.154058246025811,1.51052772678817,0.406317056936273,-1.48101147317942,-0.559990064376549,-0.839825680601994,0.987026721998365,-0.465683465023025,-2.9014278290047,-0.484108797180327,0.800751935936155,0.171323749843016,-2.14663829180649
"1302",4,3,33.1611505453227,2.20663938804176,0.976994047444874,-0.788083854523547,5.13137396522743,3.27265669176331,0.618876993981554,-0.685134226944308,-2.19927582474003,0.213418679182996,3.36715347575445,-0.272295124662073,0.431401215372289,-3.03285242308333,0.306472154183862,2.66811716614464,2.95815285753202,-0.360678238249937,-0.169727231999434,1.75280489466396
"1802",4,4,34.4449649431981,2.67012560817507,0.280516926182375,-3.20207961812043,2.5026663562415,0.197498752147134,-3.58170030152027,-2.09229240693612,-0.462139625273649,-2.45450629593441,3.35898558366022,-1.45777188295091,-1.53547829034995,1.74904448906752,-0.362824818918527,-2.57417150007124,-1.82732328541142,0.703573377182634,-1.73154795088617,-2.13242476269269
"2302",4,5,33.3978865769961,-0.190237562055904,1.27101182196996,-0.416546589409195,-1.37058613682782,0.660612115702709,-0.0348960854474754,-0.96441199314466,-1.02974420716219,3.17912800719665,-2.00950728263016,1.39298178857914,-1.01601159675711,1.04332093897268,-0.961128065306456,0.22400090647276,-1.41992379256803,1.63063664133023,3.30736827210898,0.129901446833976
"2802",4,6,35.4999697851085,-1.1041914131981,1.85943626526225,2.89780988644459,-0.485185730588316,-2.959041669265,1.0702919342021,-0.840466678734093,-2.09193048876536,0.0566776583457201,1.05389177593016,1.01498634563474,3.49373470528833,-1.65252101602996,-0.143575199817944,2.21472764423049,-0.237385197256035,-1.13457827836577,-1.93953718260462,-0.0944957121845009
"3302",4,7,35.6102241449552,1.04612577560887,3.05838493468549,-1.93502845500169,-1.20396680967363,-0.34586964357677,0.135366347043879,1.47512616716164,-0.601652981958268,-0.599730445270774,-3.20588200870403,2.93060174613276,0.176832180438448,-2.07505191661538,1.18494264100035,-2.98817361700054,3.62437771305593,-0.0563093518227748,-0.271289623586483,0.262166417232312
"3802",4,8,34.0037014276918,-0.0242848210043529,11.5970554072446,2.28112524689259,1.12375854706083,-0.728551317866143,7.52983429139298,-0.797862937467869,-1.26599240565314,0.525917801748887,-1.62306799401473,1.4659193098944,-0.227252206384564,2.80983329285149,-0.670245126307307,0.74702968841652,-2.05514227995754,4.16495911578576,-2.87374326505139,-0.344622634466012
"4302",4,9,35.3757620098984,-2.36684892871835,4.29017330748231,-0.348607556075519,-1.74554599967672,0.591177914819654,-0.904920096637899,-0.690688579419426,1.39937278438364,2.22977444126895,1.25484520334587,-1.61064188566317,-1.38252349756448,-1.93942797423326,0.183305734308972,0.910884699959376,-0.0809695563579863,-0.244094842345034,-2.6443224688331,-3.14309517244933
"4802",4,10,35.7142971920321,1.65439395899936,1.53774226272078,0.588139870056488,1.21610641489418,2.29954322947154,0.741657052323337,1.54074069354158,-2.25585252221609,-1.59308065360661,1.22063611230627,1.58391544703357,-2.57423534665074,-2.06230788333512,-0.45777681015313,3.05893991096559,2.40757418227174,0.370970706318707,-0.260166463100132,-2.56635062019684
"5302",4,11,33.3793027830635,-1.5029516505719,-0.159134443998824,0.62573238930815,2.44375444292016,-2.87502133734122,-0.111409796247673,0.580730225439964,-1.85278980653593,-0.430529886762856,-1.59536169508397,-0.111874268064736,2.12575029607581,7.66012397462021,-1.32449537979234,-2.8640989295485,0.192125475138797,-0.224238097123878,-2.12885194563992,-1.38831381076155
"5802",4,12,33.7127350763545,2.5107393670653,-1.63883756488724,2.88606633816753,0.13053450409742,-1.81302635955848,-0.678056405981137,0.127501870571712,-1.83350746264149,1.16426491974329,-0.526196951167975,-0.326646403330593,-3.06741901654094,0.399304954284032,0.0241683416315333,-0.908123009387002,0.240629492989767,1.94187856133594,-1.74275846516581,-0.601491757795611
"6302",4,13,31.1012274940994,-0.233065129450722,-1.91632201444869,0.1744075593675,-1.49345307272379,-1.91971704687538,0.838747444045547,3.50426186007316,1.04027148737615,0.66935173954605,-0.853840130884182,-0.414406769366599,-3.11686466405562,14.550780972996,-1.13319290832386,-0.822497518004121,-2.08918748529588,0.66272146141281,1.03382535911699,0.920398050377219
"6802",4,14,30.8259549783967,2.53743631070297,0.626125934458813,1.12573189513502,-1.97423505930366,4.44857441107904,-0.191557287365908,2.54322178613563,-1.41403644679503,0.873001373034728,2.51976292403545,0.107615152102896,1.19625780354713,-0.146793590043233,-1.50655749235123,-0.596703607680379,1.27515498567328,0.195225629058145,2.02295708759258,0.305177136653063
"7302",4,15,32.2915692255594,0.173624955640956,3.31483762264453,-1.38766565052424,-1.55169161091776,-1.74735965223074,1.23912968218672,-0.472189529864318,6.15533400764533,1.52508227746434,1.68897187925611,-1.02361152052275,2.14919323196969,7.01947783825432,2.42525961323247,0.76894375911715,-0.937389980980492,3.90384700247184,1.19864770189872,-1.77422954740108
"7802",4,16,35.2878216812335,1.04445488454702,-2.50387441759251,-2.30760827744319,1.016433534218,0.367973339298576,-0.215053356061296,-2.86009582394318,1.53728817381374,11.2024041037549,-0.0937282490995922,22.4958924576209,6.2121736131083,6.48480675142282,1.16637490323295,1.82299399788841,-0.283869719390545,1.86300146664895,3.60010088572186,0.690345982992663
"8302",4,17,33.5919691543725,8.19215818786753,-1.01130951011278,1.93350669052189,0.861069925848844,0.4161188768573,-0.663109992953784,-0.60032646794491,1.33173053214518,0.729941362929328,-1.03453820311104,0.0730437726747344,-0.455229229604499,0.854636740123032,2.34631468490813,-0.727396249205576,1.42846321226695,-0.432393173453314,0.267512416106251,0.268324197177648
"8802",4,18,31.2315064945083,-0.191948906246684,0.0394444013998503,6.86949576207424,8.45853082038051,3.0978164579442,-1.88992829082045,5.91126409789971,1.5275911944728,3.4205437315144,-0.508473521957914,-2.37771616224075,6.98495064119589,2.1322556990795,-1.7840653540079,0.0410395470682338,-0.829100468745256,8.2716608434013,3.43131184627534,6.09699349720593
"9302",4,19,33.4408022270156,-2.96967524588651,-1.64395783660682,-0.565237509619235,-1.35139052198171,0.596048882237745,2.00778704126247,-1.62802500522237,3.47742325857954,1.11321090597649,-2.12687390630651,1.51522861484957,-3.15425849201277,6.11620108462855,2.37955190839374,-2.05369137926585,-1.68286562266733,0.0917840978809248,1.90603588578691,-1.7618638899614
"9802",4,20,32.0780658391532,1.80466551692815,-0.76366343876135,-1.27370744816398,-0.320950263875709,0.379194101468352,6.192580338597,1.19187032724102,0.853020816552029,0.85575650712831,-1.15082820522821,-1.02819484956486,-0.95866116458391,7.03740187726808,2.76828041255515,7.2197768805161,-1.82887332403703,-2.57134445607117,2.59297479565174,9.04567388028626
"10302",4,21,32.8326928925167,-1.02421343839553,-1.30736479792306,3.92246953660057,0.328114753860168,-0.262558116690939,0.240906989238626,1.63358576429478,-1.37279649837976,-0.503668562784477,1.91155405432196,3.38841428394375,-0.572797823905866,2.2165346453032,-1.61401373504198,-0.092750393623725,0.298647137807379,0.938306414107291,3.1770873038103,3.18157622540969
"10802",4,22,34.6225987835959,-1.5167097305236,0.245512863552748,2.28643353306057,-0.378707674412433,-0.386347979165702,0.295723573561898,5.66911317896468,-0.914888180888002,1.44358644731682,0.739611166366526,1.94521384861643,0.378650282644526,-2.35445330924571,3.87710072721504,-0.091615878923918,1.94507207817615,7.73861924395078,-0.324925912542214,2.36373806166875
"11302",4,23,31.0380051629183,1.3603554259393,-1.71881112786151,1.374184216903,0.249895585558541,-1.34010207457076,-1.114967042943,-0.283550245300712,0.326954974407167,1.11523532177335,-0.307410624037116,-0.624392187234772,1.97454987004215,2.59113559436743,-0.879877366833356,-0.99311544676802,-2.24340996183172,-2.19131699118063,1.30241264151189,-0.345014197000909
"11802",4,24,31.3592916110005,-2.83878203334633,0.648132492974373,4.94195663615355,5.91232341819322,-0.755361092672912,1.18013278871732,2.19456939839102,0.948044031666788,-0.330715145555566,1.20636652642162,-2.28012761119865,-0.257472953790994,0.283858979256136,2.30360171750924,-1.04446764319196,2.6327115981065,2.03749906865447,-3.89403324250759,0.735448010053782
"12302",4,25,37.1745915602977,1.11360249382975,-0.161126257253205,0.202300704552076,0.643282591213687,-0.659061595885411,0.403304372929113,1.82831576801451,-2.1078387502748,6.10627355700298,0.785313865370969,-1.15578192000129,-3.00098678443848,1.20089171231288,-1.09292846090216,1.57002876739577,1.97445380588462,5.98858481799706,0.00983040724957547,1.12469627912239
"12802",4,26,33.6307931750676,3.1716050647216,-0.772968471636941,-0.700297916422722,-1.45838771985379,-1.62331547865729,1.15819364910643,1.34084253863621,5.33160822663515,-0.666960039617449,0.146484498198658,3.6726424216102,4.26254748276744,-1.55072296863019,1.2961032723929,-1.505387745361,-3.24497548722226,-1.9909785887293,-0.948196320638901,-1.47226293046866
"13302",4,27,33.9220986079193,-3.16522111435748,0.690050320341978,-0.866774948763093,-0.827033782016182,-1.51814177939969,-2.84908779975782,-1.61210045219107,-0.0945596410141146,0.845863992754882,-0.964651890615832,-0.117214302825883,2.43221543273164,2.35220467551056,-2.69200888658402,22.0858525244286,0.0279401727721528,-0.460894853207092,-0.750563756226165,1.6688804141708
"13802",4,28,33.4967470369613,-1.45136566831181,-0.0200489329755185,-0.947232892223228,12.6621196800125,-2.08072065555939,4.20010068964968,-1.05551234441272,0.774897069419088,-2.12803243680654,6.57331981337726,0.73745603270202,-0.917655482846243,10.7272064020536,-2.08057120672156,0.492089715421276,-0.941609257868614,7.03908536156313,-0.310944813734256,1.32283946263917
"14302",4,29,32.661713241234,0.186295851677056,-1.17484833486069,0.464316091716981,2.86064310974163,-1.51217620567684,1.10288033562005,-0.28927759652057,3.1813304243723,-0.607167321384866,-0.408962502873924,1.33211868408288,3.60048922766153,-0.296426584095471,0.387437290045049,0.617368518206941,3.84600351205576,-1.10171146170908,5.40489486966705,-0.656159156481013
"14802",4,30,31.2490288974711,-2.17588263826845,2.08144588051969,-0.543692675675625,-2.85408483426515,-0.240423722697412,-1.59478977799739,1.09401441149791,6.00640149936609,1.49833276156309,-0.598649901894106,1.78403431655943,-0.263278896539847,-1.01963258114805,-0.0906372025460496,-2.71246223774727,-3.04231752266287,-1.62116352754057,-0.827721718574783,-0.607961903617954
"402",5,1,-1.09662645629539,-0.978558602863678,-0.405570944968573,28.0742228544222,1.18734333578399,0.769717027502636,1.39759576199471,0.230094240344444,-0.636013422297078,-2.18417738893146,9.62987667205565,3.0158471721719,-1.32373811711422,0.24796516309592,-0.586893785898229,4.39692584508604,-1.32832470515028,7.92425549678824,32.8180946618162,1.1418734893728
"902",5,2,0.363152418710188,-1.36178268724972,1.00778639928982,3.26488149122368,-1.4388442342713,0.467633570642432,-2.11270025301455,-0.780538131921116,-0.761946552024355,19.7150491168878,1.98042152478366,0.747918610399465,28.5046187136894,0.801130116082757,2.25189158371084,-1.14753606168448,0.445896843860853,-1.20706412734779,-1.92033131992409,21.8365322134738
"1402",5,3,2.23093446645823,12.1412037558708,0.261656853352788,-0.454206000750695,2.8084436322859,0.291162014610964,-1.4588647825707,-0.273038271245531,6.22572407341807,-3.27427583458343,-0.740145640096898,9.15829775636424,1.3809866757156,9.00722782486194,36.1389012615246,-3.37719067495202,-0.185666234420393,-1.75234637073255,0.111448576276939,17.6621038065703
"1902",5,4,1.30111122441515,16.9770794998678,2.22762872679317,-0.562598843985117,4.77207705051111,-2.72454349894116,0.67213595042679,-1.32151442267761,-0.00456973408583701,-0.0722274255572891,-1.18234066738373,0.383973509137034,27.2532583585873,16.5936846639715,-0.894333271274957,0.812815006700952,-0.204177466734328,2.3372726439181,6.13757017636255,-0.687284292130581
"2402",5,5,0.833497559276647,0.154650154934112,-1.28889270888594,7.56989936646527,11.7357207382512,-0.566241989709566,4.04148821698049,-0.0157487218899318,23.5824849036461,1.78290417192452,-0.912404726288378,15.0181670479687,-1.5621242883738,-0.0799550509213418,0.855432379156467,-0.9684593682435,2.59675336658631,-0.0158724805420131,21.43786679261,-0.335622493592166
"2902",5,6,1.27665847152786,-0.177875424261362,32.2405719992407,1.15185863253304,-0.619713071393488,0.76472044947191,-1.67433852824968,-0.104343629749927,-1.18465877640451,-0.384591550407245,8.47617270674505,13.4130005050833,2.63464378832024,-1.21388876255058,-0.282918838278479,25.1698132851902,-0.973660976510062,-2.30648166504695,0.79692274621821,1.03666553434102
"3402",5,7,2.0656236665211,27.5169417146284,-2.4832726754214,0.52449383294406,28.5518281448668,0.0261393650820647,2.78834453384261,-0.280550155963208,5.81847609996797,1.88343826243748,-0.604108230110645,4.69143923537376,-0.219098128568321,2.39405515315361,0.337581788889258,-1.22392220887362,-0.670690956784501,2.43155122620749,0.973722274946162,-1.42837157312963
"3902",5,8,25.3700050614825,29.6780941233766,-0.852067829189771,2.32196524401811,2.60451182964782,1.30240127388296,-0.395099217046011,6.57106521210011,6.49889381503387,4.89149633311723,1.91171774168527,1.00175382170675,8.05526711545955,1.11401137177718,-0.423952913437875,0.498473185515227,-1.58661004901636,0.307701552098119,1.56527239387526,3.3800683967736
"4402",5,9,-1.36268398777697,7.87030673287501,0.221508382039259,0.398872547461955,2.22511756850609,-4.03246341976869,1.48082052610687,7.93062634858977,21.902182435958,2.72187934949258,-0.468581450478514,4.8566451712694,32.1171361343409,1.58608580515093,2.98911648658704,-1.3752934156742,2.43656412436953,0.83721851254637,-1.84804110872267,-0.884736428645371
"4902",5,10,0.0314719129192485,-0.48937437532816,-3.56882830036072,16.5426015786647,0.35426381668372,11.2524051790582,1.5330603060278,13.9836902986613,3.68903470992249,2.76886871468887,1.45700422783642,7.10024275480604,1.60559890956819,-1.5035568906453,20.8129285340506,14.5287309381179,-1.36158334234629,-0.0751071218711469,-1.78146744783304,0.0251565198517452
"5402",5,11,7.45884125163323,9.22533510549448,29.6655022604528,1.03390774667993,7.16150286175513,10.3296521914072,-1.78958273032666,5.99901764026182,1.1950848522443,-1.21600081315492,3.71937570134689,0.101276822384528,1.56089064492929,4.504521740117,-0.615186638554157,10.7084097428928,0.183091457926171,2.98855590163555,0.568334870491971,0.0108678312921511
"5902",5,12,-1.90196051040958,-0.0048294177807841,-1.00066501383435,17.3048157551908,-0.883982768736293,1.71400154295746,21.6029150214314,-0.386626229514158,-1.37521340809997,5.77380524336159,1.15061833936166,-0.707869394499914,8.17405148890759,-1.16124933041007,1.86741605834597,-1.72658458938736,-0.72674820534789,6.69215875935819,-0.181070819960092,22.1114031784992
"6402",5,13,0.324049478733255,2.45935793370046,-0.896689913083815,-1.61159828446773,-0.47095316790479,-0.88855375719627,3.14804617133578,27.3554860989267,0.516619500380479,-2.22438454834,-0.408261388576121,1.54821685635174,-1.9001472429885,4.33092721700645,12.7360005283428,4.8036480355916,-0.951247378923555,0.845223335101313,34.1031954144897,0.344824699190381
"6902",5,14,3.25454072129407,-1.05507392715358,3.09266462683166,-0.512014913667333,-0.977329886460919,1.27446129385777,0.746869846957187,1.65144083035896,2.04272746223256,31.4099312035193,14.8848719799955,2.28898761724577,19.8179591007171,-2.23935201831005,-1.09923694097279,2.30610128350669,-2.29947001586329,-2.414305203569,1.19889098546096,0.88133168382214
"7402",5,15,3.02179503552093,2.10989094997791,4.49704854414155,-0.960268258749474,0.121558854544459,-0.300913110934868,-0.0250414485713083,-0.899850099198095,-0.736178116048282,0.0573849799372877,1.2311913714483,0.48098529837676,4.11160183268897,0.971887532011634,32.0518939937259,-0.423846927819197,26.0358101406817,-0.598632206599398,0.158019766820199,4.12591230789883
"7902",5,16,1.99791898718691,6.27233941474577,3.64344077043458,18.2805912993566,0.702779772376445,0.775878876939958,25.8075146068198,-1.73572422847733,-2.42714113824983,0.376500214800824,-1.39924580132739,-0.605525211134679,2.91571663515653,-1.90996703017158,3.2310385947241,-0.0072936540999805,-0.807487140088117,1.79526501641527,5.34017215324266,34.1905774879747
"8402",5,17,24.4666410581671,-1.73386213866793,6.72063896852989,0.639230359526318,0.487552654305597,0.321268379412716,31.7375627784953,0.4909273558992,-2.2257748807724,-1.07409098210153,-1.26352630956673,-2.26306355372985,5.20694367170256,-0.561618343821684,14.7800693162968,-0.242444171146297,-0.795312435011955,1.27568310122687,1.89988615677642,1.83695537920513
"8902",5,18,27.0339772647795,5.61372965120188,0.126268489157941,-0.301962936640258,2.26220898776142,-1.26871878287937,-0.745977901886984,5.08779478537728,19.5021643296959,1.83449778902336,6.44398597591131,-2.29685476034518,-2.70596233643883,-0.728876080806531,-1.25332035798689,5.61197036337751,2.94782906735571,1.07708729738321,0.457857365638762,-1.10642031523881
"9402",5,19,1.58301764431027,3.49741568652351,3.14209204499646,3.24840434261564,0.432926559478403,6.05475668157922,9.18561167077095,0.374173461097157,-0.687494415053527,-1.94838376130921,6.97988835021296,-0.404972018727442,0.262796825296168,-1.05283374586167,-0.721542688633618,-0.191300442821879,32.404347848785,-0.864142413174892,1.43066926827325,21.410837937735
"9902",5,20,-1.24655805688347,0.666179114085014,2.07939596775743,0.740188607663495,4.39663773720811,-0.843192202891944,33.1110153307108,0.0963366793882015,-2.88642843262571,3.67214884198754,1.07802448871504,5.07302973041432,2.85839757496699,-1.13551704136757,5.16264330552981,-0.31796753254007,0.965287873178886,15.837956212646,0.145719517964412,0.820308774670615
"10402",5,21,0.144740954082393,-2.88842307867792,-0.369071054265667,-0.16741922289571,-2.7351543917899,19.2709003189427,1.12195055363475,0.0420858358421911,1.54513581240752,-0.688826121576799,0.689016099632875,4.21243605568882,2.14431090250831,-1.18042998966532,14.9937413034838,1.61718234437714,33.9086648969645,7.18513357934351,0.0213974293283784,-0.941087373301303
"10902",5,22,-0.710727708770149,-2.50316539437359,0.113227496318583,-2.03544848103436,-1.15059543515624,-0.713019253114542,-1.14886358545819,1.45151119965758,-1.28733002099958,13.4065804397699,26.779004916324,-1.79289357044648,0.396230154752219,-2.9886247417097,14.8076666889473,16.6717919499732,-0.747737429743464,-0.665173189263293,1.49185737984179,5.83410028777826
"11402",5,23,2.78883677207438,1.87358836424994,22.0507861438194,-0.492713544769565,-1.87987056360991,2.10931471093301,-0.0452425691000267,11.1049209234257,-1.75177791591647,-1.24097335836109,11.7150929389078,0.348269121740561,-1.67524808588698,19.402503351777,0.715510919423421,-1.91422527398172,0.0250075434122627,1.74874278763325,-0.171762641004965,1.74101547543838
"11902",5,24,11.156412487457,1.91208062459734,-1.35110743478656,5.82344815825495,-0.759768277758125,21.2027552048333,1.70255316076943,-0.918763608551984,35.3332119965386,-3.17606542532847,-1.02517238139224,3.52035384875549,3.70456165216367,0.366306856089166,0.965603381431142,0.472175629305768,2.83135609198933,4.89342756728645,1.14082584720402,-0.9108670080656
"12402",5,25,3.4244103872727,-0.456511668836368,-2.46628843473248,4.69094474491988,16.6061623511527,19.1721886543085,-1.28935544016365,26.2248759107545,-0.888544492770364,18.1655561846778,-2.06066980819761,0.608864530471156,2.85511296125815,1.33870262822496,-0.0870862474088295,-1.0010384589994,0.427322290723141,-1.85562419114146,-1.27306902094059,0.186561271212009
"12902",5,26,1.79142655347296,0.410832472780562,-0.672947365956352,0.777125279873943,0.431812389935372,3.4609077553928,7.16091743186578,-1.24909633275006,-0.389265248714736,1.70235367002276,21.7849516458644,0.887676746020817,6.45802055684622,4.76894901893322,0.189718724555709,22.0204164546767,0.780869810990264,19.5958090988028,1.88243280040077,2.64360923487164
"13402",5,27,3.85718752291416,1.18135758933449,0.380368519084602,-1.74657616145182,0.200420724074013,-1.70666372220208,-2.86461837556136,-2.27387716052866,-0.0589103666228597,-0.806978890620041,21.6751696147762,2.6974859243042,8.09072334268665,3.63470662745495,0.813698743354314,0.0297350797830326,2.04049596148762,1.16494101550462,34.5648951067203,-1.64649633859114
"13902",5,28,1.47078675342988,14.4580943833986,0.0355329128874428,0.920697542196387,6.49490084299984,-0.00260089917824187,34.8251776476158,0.625246894335456,-2.78504609923151,6.27635725872113,-0.696417757317911,1.7687988344467,4.65754245337484,-1.04211664275013,-1.80953811498164,-0.781071197051189,12.9955014438033,13.1257381835224,1.84767160715979,-0.678765040219865
"14402",5,29,2.63879457903544,3.1477156173927,-0.609877516562327,1.83156868526222,2.84574431996229,-1.28647605758481,28.8995208070517,-2.17651731448397,1.01613113558674,0.154230683835146,0.0740993196047202,25.9052161017225,11.4275825053456,2.4093835544298,1.36985624495529,-1.1714820766362,3.03120672362123,3.70547524099347,0.959724590447693,-2.53736865728359
"14902",5,30,-1.08299870787844,1.61277604444721,4.54803063746104,1.6992216130316,0.0477128308901405,-1.12230349960313,0.999435578068304,14.3781478469681,-3.15739979570862,-1.22659740386347,-0.214900323278272,-2.50431531716456,0.822369332027136,-2.25285584278719,2.18743803176927,12.8177763369927,-2.28401234174917,5.39874420988014,23.4415309141658,19.871003400511
